video_id,title,category_id,publish_time,views,likes,comment_count,region,language,publish_hour,like_ratio,comment_ratio,engagement_score,title_sentiment,viral
Z2-_EYDUFAk,Aaya Sher - Song Promo | The Paradise | Nani | Anirudh Ravichander | Srikanth Odela,10,2026-02-23 05:37:00+00:00,2423362,148177,1775,IN,id,5,0.06114521891487941,0.0007324535088030596,0.06187767242368247,0.0,1
BCQwSlYlEe8,Thaai Kizhavi - Official Trailer | Radikaa Sarathkumar | Sivakumar Murugesan | Nivas K Prasanna,1,2026-02-23 11:30:09+00:00,861683,28303,835,IN,et,11,0.032846185894348616,0.0009690338558379358,0.03381521975018655,0.0,1
db-fpyGiZLA,MICHAEL GOT KIDNAPPED BY TOMMY VERCETTI | GTA 5 GAMEPLAY #165,20,2026-02-21 03:30:24+00:00,10993607,904268,233152,IN,de,3,0.08225398633951532,0.021207962045577945,0.10346194838509326,0.0,1
BjB1MvWZn4s,Aura Of Ustaad - Lyric Video | Ustaad Bhagat Singh | Pawan Kalyan | Harish Shankar | Devi Sri Prasad,10,2026-02-22 13:56:49+00:00,10300484,149292,4130,IN,id,13,0.014493687869424388,0.00040095203293359806,0.014894639902357986,0.25,1
cXymbHU5i-U,Toxic Official Hindi Teaser | Rocking Star Yash | Geetu Mohandas | KVN | Monster Mind Creations,1,2026-02-20 04:05:00+00:00,19769127,466409,22694,IN,en,4,0.023592796990984984,0.0011479515509207868,0.02474074854190577,0.0,1
2P24-ufzkUw,"100,000 UC CRIMSON SKYBLADE M416 MAXING OUT | JONATHAN IS BACK!! | BGMI!",20,2026-02-23 22:48:02+00:00,1870908,180173,538,IN,en,22,0.09630243710540551,0.00028756090625514457,0.09658999801166065,0.0,1
0oDvbwPcaL8,#Video | ‡§†‡•Å‡§Æ‡§ï‡§æ ‡§™‡§∞ ‡§ù‡•Å‡§Æ‡§ï‡§æ | #Raushan Rohi & #Srishti Bharti | Thumka Par Jhumka | #Maghi Superhit Song,10,2026-02-22 03:21:20+00:00,1028755,41881,3024,IN,sw,3,0.040710373218113154,0.0029394753852958187,0.043649848603408974,0.0,1
N3Z6QV6bGq8,#CULT Red Band Teaser - India's First Slasher | Vishwak Sen | Ravi Basrur | Sandeep Kakarala,10,2026-02-21 11:01:27+00:00,1668701,66335,1806,IN,en,11,0.03975247812520038,0.0010822789702888654,0.04083475709548925,0.125,1
uhrtVgLq1es,I Got ADOPTED By AVARITIA Family In Minecraft!,20,2026-02-23 11:33:14+00:00,776559,12086,624,IN,en,11,0.01556353091007895,0.0008035448690955871,0.01636707577917454,0.0,1
bYyQroV2B-M,HOLI BAAD AAKE | (‡§π‡•ã‡§≤‡•Ä ‡§¨‡§æ‡§¶ ‡§Ü‡§ï‡•á) (Song)- Khesari Lal Yadav | Raksha Gupta | Bhojpuri Holi Song 2026,10,2026-02-22 02:13:49+00:00,2541771,109706,9814,IN,id,2,0.04316124465972741,0.003861087407166106,0.04702233206689352,0.0,1
wY1V7rEAQ3o,"Subedaar - Official Trailer | Anil Kapoor, Radhikka Madan, Aditya Rawal, Mona Singh, Saurabh Shukla",24,2026-02-23 13:48:08+00:00,921603,15401,759,IN,id,13,0.016711100115776534,0.0008235650274575929,0.017534665143234127,0.0,1
sx3SFVYnMzs,I MADE INDIA'S BIGGEST GAMING ROOM üòç| GamerFleet,22,2026-02-22 06:30:35+00:00,3089579,241800,12076,IN,en,6,0.0782630902139094,0.003908623148979198,0.0821717133628886,0.0,1
f8KfAEktAkA,BALANTHARALA BAILELLU SONG 2026 | SINGER KOMALI | HANMANTH YADAV | PARSHURAM NAGAM | NAGALAXMI,10,2026-02-22 03:00:07+00:00,415362,17729,730,IN,de,3,0.042683249791747924,0.0017575030936869526,0.04444075288543487,0.0,0
oq4ngKNJg7w,JETHANI KI ARRANGE MARRIAGE DEVRANI KI LOVE MARRIAGE BHOJPURI OFFICIAL TRAILER | SMRITY SINHA,1,2026-02-21 02:30:48+00:00,1606603,9004,86,IN,en,2,0.00560437145953294,5.3529092127924574e-05,0.005657900551660865,0.5,1
EN58d013xWY,New Community Event: Unleash the Duke,20,2026-02-23 12:50:00+00:00,2540358,57706,2066,IN,en,12,0.022715695976708795,0.0008132712003583747,0.023528967177067168,0.13636363636363635,1
-n9FAqZ71uo,#Video - ‡§≤‡§π‡•á ‡§≤‡§π‡•á ‡§∞‡§Ç‡§ó‡§¨ ‡§∏‡§≤‡§µ‡§∞‡§µ‡§æ | #Pawan Singh | Ai Version New Bhojpuri Holi Song 2026,10,2026-02-23 01:00:01+00:00,255496,11661,721,IN,en,1,0.04564063625262235,0.002821961987663212,0.048462598240285565,0.13636363636363635,0
Etto7UB3Q5Q,Ishqa'n De Lekhe (Official Trailer) | Gurnam Bhullar | Isha Malviya | New Punjabi Movie 2026,10,2026-02-23 04:35:30+00:00,887747,12498,537,IN,en,4,0.014078335381589575,0.0006049020723246601,0.014683237453914234,0.13636363636363635,1
AsOeA8Trpfw,[Hindi] BGIS 2026 | ROUND 4 | Day 4,20,2026-02-22 14:35:41+00:00,1828922,50371,179,IN,so,14,0.0275413604298051,9.787186112912416e-05,0.02763923229093422,-0.2,1
BZVZWtkyUWI,#Video | #‡§®‡•Ä‡§≤‡§ï‡§Æ‡§≤ ‡§∏‡§ø‡§Ç‡§π | ‡§ß‡§∞S ‡§ï‡§Æ‡§∞ ‡§∞‡§æ‡§ú‡§æ ‡§ú‡•Ä | #Neelkamal Singh | Shrishti Uttrakhandi | Bhojpuri Song,10,2026-02-21 01:00:27+00:00,171350,231,3,IN,id,1,0.0013481178873650424,1.7508024511234316e-05,0.0013656259118762766,0.0,0
LgcEnD1GdPI,Vijay Thalapathy LEO MASTER New Movie Hindi Dubbed | South Movie | action trailer movie #trending ,22,2026-02-23 23:00:36+00:00,118391,0,20,IN,en,23,0.0,0.00016893176001554172,0.00016893176001554172,0.11818181818181818,0
YJNX_2Y7c4Q,Poppy Playtime Chapter 5 (Full Gameplay),20,2026-02-23 14:46:32+00:00,568323,34697,2925,IN,en,14,0.06105154991087815,0.005146721142730454,0.06619827105360859,0.35,0
v4GFI0DpuME,#Video - ‡§¨‡•à‡§ó‡§®‡§µ‡§æ ‡§∞‡•á | #Aashish Yadav ‡§ï‡§æ ‡§è‡§ï ‡§î‡§∞ ‡§¨‡§¨‡§æ‡§≤ ‡§π‡•ã‡§≤‡•Ä ‡§∏‡§æ‡§Ç‡§ó | Baiganwa Re | #Magahi Holi Song 2026,10,2026-02-23 01:15:07+00:00,280127,11973,674,IN,tl,1,0.04274132804049592,0.0024060515409082307,0.04514737958140415,0.0,0
yX-D-UD5OcQ,Yadav Ji Ki Love Story Trailer| Yadav ji Ki Love Story Controversy| Yadav Ji Ki Love Story Movie ,22,2026-02-21 09:38:17+00:00,323724,2858,743,IN,en,9,0.008828508235410412,0.0022951650171133433,0.011123673252523754,0.5,0
KTaODa8vDyk,We Secretly Hide Inside Mennu's One Block in Minecraft..,20,2026-02-22 11:51:29+00:00,832502,11140,394,IN,en,11,0.013381349233995834,0.0004732721362831561,0.01385462137027899,-0.4,1
vTUXy4cuIC4,Teri Yaadon Ki Chadar Odhe Official Video Dil Ne Tera Naam Liya #bollywood #hindisong #2026,10,2026-02-21 18:15:06+00:00,284132,1126,13,IN,en,18,0.003962946799374939,4.5753382230794136e-05,0.004008700181605733,0.0,0
OkQNl-gu834,Toxic Yash Teaser REVIEW | Deeksha Sharma,24,2026-02-20 08:47:45+00:00,867845,38667,2751,IN,en,8,0.04455519130720347,0.003169920896012537,0.047725112203216014,0.0,1
q5n0pMxDJBk,Weltify Pro Clash Season 2 | Semi Finals Day 1 | #godlike #gdr #rntx #orangutan  #8bit #getweltified,20,2026-02-23 18:03:57+00:00,344194,9971,2,IN,en,18,0.02896912787555855,5.810676537069211e-06,0.02897493855209562,0.0,0
-mGxF_kuEX0,1 Hour Nonstop ‡§Æ‡•á‡§∞‡•á ‡§§‡§® ‡§Æ‡•á‡§Ç ‡§≠‡•Ä ‡§∞‡§æ‡§Æ ‡§Æ‡•á‡§∞‡•á ‡§Æ‡§® ‡§Æ‡•á‡§Ç ‡§≠‡•Ä ‡§∞‡§æ‡§Æ | Ram Naam Jap | Powerful Ram Bhajan,22,2026-02-23 10:30:00+00:00,89670,568,31,IN,hi,10,0.006334337013493922,0.00034571205531392887,0.006680049068807851,0.3,0
lCf6M5lFv6w,KillR Teaser | Killer Teaser | Jyoti Poorvaj | Poorvaaj | Think Cinema | Telugu Movie 2026,24,2026-02-22 13:22:59+00:00,479577,89249,257,IN,et,13,0.186099416777702,0.0005358889187763383,0.18663530569647835,0.0,0
kPHaPtRzjYc,üî¥[Live Free Fire New Rank Season Rank Push Live !!,20,2026-02-23 16:39:18+00:00,1095507,14190,21,IN,en,16,0.01295290673633304,1.9169206586539385e-05,0.01297207594291958,-0.17011363636363638,1
mV3_KiEj6Qg,#VIDEO - ‡§ú‡§Æ‡§ø‡§® 52 ‡§¨‡§ø‡§ò‡§æ ‡§ï‡§∞ ‡§¶‡•á‡§¨‡•å | #Aashish Yadav. #Srishti Bharti - Garmi Movie - Balu Ke Thika Song,10,2026-02-21 22:37:33+00:00,360365,8484,70,IN,et,22,0.023542796886490087,0.00019424749906344957,0.023737044385553536,0.0,0
4BBEKu33BwU,Australian Couple React To TOXIC Teaser Trailer (Kannada),24,2026-02-22 11:00:09+00:00,91149,4664,139,IN,en,11,0.0511689651010982,0.001524975589419522,0.05269394069051772,0.0,0
KYjVQXC_n5k,‚ù§Ô∏è‚Äçüî•üí•‡Æï‡Æø‡Æ∞‡Ææ‡ÆÆ‡Æ§‡Øç‡Æ§‡ØÅ ‡Æá‡Æ©‡Æø‡ÆÆ‡Øà‡ÆØ‡Ææ‡Æ© ‡Æ§‡Øá‡Æ©‡Æø‡Æö‡Øà ‡Æï‡Ææ‡Æ§‡Æ≤‡Øç ‡Æ™‡Ææ‡Æü‡Æ≤‡Øç‡Æï‡Æ≥‡Øçüé∂ | Bus simulator gameplay üéÆ,22,2026-02-24 00:30:15+00:00,64629,265,1,IN,ta,0,0.004100326478825295,1.5472930108774698e-05,0.00411579940893407,0.0,0
HsVsRBEfYBQ,"‡§Æ‡§ó‡§Ç‡§≤‡§µ‡§æ‡§∞ ‡§ï‡•á ‡§¶‡§ø‡§® ‡§ú‡§∞‡•Ç‡§∞ ‡§Ö‡§™‡§®‡•á ‡§ò‡§∞ ‡§Æ‡•á‡§Ç ‡§Ø‡•á ‡§∏‡•Å‡§Ç‡§¶‡§∞‡§ï‡§æ‡§Ç‡§° ‡§ö‡§≤‡§æ‡§ï‡§∞ ‡§∞‡§ñ ‡§¶‡•á‡§®‡§æ ‡§ï‡§∞‡•ç‡§ú ,‡§¨‡•Ä‡§Æ‡§æ‡§∞‡•Ä ‡§ñ‡§§‡•ç‡§Æ ‡§î‡§∞ ‡§ß‡§® ‡§µ‡§∞‡•ç‡§∑‡§æ ‡§∂‡•Å‡§∞‡•Ç",10,2026-02-23 23:00:31+00:00,43448,602,48,IN,hi,23,0.013855643527895416,0.0011047689191677407,0.014960412447063157,0.0,0
i6w7O1kwuBk,House of the Dragon Season 3 | Official Teaser | HBO Max,24,2026-02-19 16:00:06+00:00,4078181,129155,7215,IN,en,16,0.03166975668809207,0.0017691711083936685,0.03343892779648574,0.0,1
mQTV4XNp-Sg,‡§ò‡§æ‡§ò‡§∞‡•Ä ‡§â‡§†‡§æ ‡§ï‡•á ‡§®‡§æ‡§ö ‡§®‡§æ‡§ó‡§ø‡§® ‡§ú‡•à‡§∏‡§® ‡§ó‡•á #viral #trending#mahgi#song #Roshan Rohi.........,22,2026-02-23 04:54:40+00:00,67344,441,12,IN,tl,4,0.006548467569493941,0.0001781895937277263,0.0067266571632216676,0.0,0
f3qgXBF8Sik,"Tu Naachan Aala Se (Full Song) | Rahul PuthI | Ravi Bankner, Pahal Jagsi | New Haryanvi Song 2026",10,2026-02-22 09:44:32+00:00,157699,10935,1577,IN,id,9,0.06934095967634545,0.010000063411943006,0.07934102308828844,0.24318181818181817,0
o4n6x8hKLhM,Toxic Teaser Review | Yogi Bolta Hai,24,2026-02-20 06:48:27+00:00,736098,32998,1275,IN,en,6,0.04482827014881171,0.0017321063227994098,0.04656037647161112,0.0,1
zZ4G8VOL8Uw,FRANKLIN house UPGRADE in POLICE STATION HOUSEüò± in Indian bikes driving 3D || Funntyaa ,20,2026-02-23 08:56:37+00:00,150348,2422,101,IN,af,8,0.016109293106659216,0.0006717748157607684,0.016781067922419984,0.0,0
HNXdOWi82rc,‡∞Æ‡∞Ç‡∞ó‡∞≥‡∞µ‡∞æ‡∞∞‡∞Ç ‡∞∞‡±ã‡∞ú‡±Å ‡∞à ‡∞™‡∞æ‡∞ü‡∞≤‡∞®‡±Å ‡∞µ‡∞ø‡∞Ç‡∞ü‡±á ‡∞é‡∞ü‡±Å‡∞µ‡∞Ç‡∞ü‡∞ø ‡∞∏‡∞Æ‡∞∏‡±ç‡∞Ø‡∞≤‡±Å ‡∞â‡∞®‡±ç‡∞® ‡∞¶‡±Ç‡∞∞‡∞Ç ‡∞Ö‡∞µ‡±Å‡∞§‡∞æ‡∞Ø‡∞ø - SRI HANUMAN MANASASMARAMI - BHAKTHI,10,2026-02-23 23:00:16+00:00,62965,416,12,IN,te,23,0.006606845072659414,0.00019058206940363693,0.0067974271420630505,0.0,0
Xqa1MTZvaBA,Toxic Movie Teaser Review In Kannada by Amar Prasad | Rocking Star Yash | Masth Magaa,24,2026-02-20 08:00:47+00:00,230008,8907,434,IN,en,8,0.03872474000904316,0.0018868908907516261,0.04061163089979479,0.0,0
G0TxkXu9660,I FOUND ‚Çπ20000000 ID in FREE FIRE üòÆ Desi Gamers Vs Lokesh Gamer Vs HACKER üíÄ Collection Versus,20,2026-02-22 06:27:05+00:00,617154,53999,1946,IN,en,6,0.08749679982629943,0.0031531838082553137,0.09064998363455475,0.4,0
i1-Y0DdRNds,#Video- ‡§ó‡•Ç‡§ó‡§≤ ‡§¨‡§§‡§æ ‡§¶‡•ã ‡§ñ‡•Å‡§∂ ‡§∞‡§π‡§®‡•á ‡§ï‡•Ä ‡§¶‡§¨‡§æ‡§à | Google Bata Do Khush Rehne Ki Dawai  | New Hindi Sad Song,10,2026-02-23 03:00:49+00:00,105472,986,23,IN,sw,3,0.009348452669902913,0.00021806735436893205,0.009566520024271845,-0.18181818181818182,0
Ro4xvpksYeE,VADAM Official Trailer | Vimal | Natty | D Imman | Sanashka Sri | Kenthiran V,22,2026-02-21 11:30:22+00:00,364089,5014,267,IN,en,11,0.013771358102002532,0.0007333371785470036,0.014504695280549536,0.0,0
SZKF40eny4E,Franklin SURVIVING The Hottest DAY Ever in GTA 5 !,20,2026-02-23 07:35:03+00:00,242915,6619,439,IN,de,7,0.027248214395982132,0.0018072165160652903,0.029055430912047424,0.0,0
j09Ss9RN2EE,‡§∂‡•ç‡§∞‡•Ä ‡§π‡§®‡•Å‡§Æ‡§æ‡§® ‡§ö‡§æ‡§≤‡•Ä‡§∏‡§æ üå∫üôè| Shree Hanuman Chalisa Original Video |üôèüå∫| GULSHAN KUMAR | HARIHARAN |Full HD,22,2026-02-22 10:30:34+00:00,31365,119,8,IN,en,10,0.003794037940379404,0.0002550613741431532,0.004049099314522557,0.3625,0
Y1gysPtpvac,Toxic Official Teaser | Rocking Star Yash | Geetu Mohandas | REACTION!!,23,2026-02-21 03:00:47+00:00,212539,10123,395,IN,en,3,0.04762890575376754,0.0018584824432221851,0.04948738819698973,0.0,0
WtDbzdhTpnU,üòÇFranklin Celebrate Holi With Shinchan in Indian Bike Driving 3D,20,2026-02-22 01:40:01+00:00,474312,5372,31,IN,en,1,0.011325878324815733,6.535782354230971e-05,0.011391236148358044,0.0,0
eaaDkIB1Q7Q,#Video || ‡§®‡§æ‡§ö ‡§®‡§æ‡§ó‡§ø‡§® ‡§ú‡•à‡§∏‡§æ‡§® || #Raushan Rohi #Khushi kakar || Nach Naging Jaishan ge || Trending Song,10,2026-02-21 02:34:39+00:00,259739,2465,44,IN,id,2,0.009490296027935736,0.00016940082159398474,0.00965969684952972,0.0,0
naIGxzJ-zXU,Toxic Official Teaser Reaction | The S2 Life,24,2026-02-22 05:30:25+00:00,81214,5253,454,IN,en,5,0.06468096633585342,0.005590169182653237,0.07027113551850667,0.0,0
yjfg9fzTo_8,T.I. - The Right One (Official Audio),23,2026-02-23 22:17:00+00:00,317370,27096,6985,US,en,22,0.0853766896682106,0.0220090115637899,0.1073857012320005,0.2857142857142857,0
zPHLojHUCvk,ENA: Dating Oblivion - Teaser Trailer,24,2026-02-23 22:13:09+00:00,354163,89439,4928,US,en,22,0.2525362615518843,0.013914496997145382,0.26645075854902966,0.0,0
m8iJCE-o29A,Bernard Picks My Operator in Rainbow Six Siege,20,2026-02-24 01:23:21+00:00,316896,12008,712,US,de,1,0.037892557810764414,0.0022467939008381298,0.040139351711602544,0.0,0
8sAVQWKgMjg,Baby Keem - Birds & the Bees (Official Video),10,2026-02-23 20:15:01+00:00,381910,48359,3231,US,en,20,0.1266240737346495,0.008460108402503207,0.13508418213715273,0.0,0
_Q-i5CA0ogM,"Character Trailer - ""Varka: The Code of Chivalry"" | Genshin Impact #GenshinImpact #Varka",20,2026-02-24 04:00:27+00:00,197902,43823,3267,US,en,4,0.22143788339683276,0.01650817071075583,0.2379460541075886,0.0,0
RXFy3z5AUuo,The Dumbest Game We've Ever Played,20,2026-02-23 22:28:00+00:00,711696,35775,1189,US,en,22,0.0502672489377487,0.0016706571345068682,0.05193790607225557,-0.4,0
KEBbwRTf8mw,YoungBoy Never Broke Again - Another Episode [Official Video],10,2026-02-23 02:00:25+00:00,544013,55498,5082,US,en,2,0.1020159444719152,0.00934168852582567,0.11135763299774086,0.0,0
4g8OciWNJn4,"Scream 7 | Final Trailer (2026 Movie) ‚Äì Neve Campbell, Courteney Cox",1,2026-02-23 14:00:03+00:00,869700,7597,965,US,en,14,0.008735196044613085,0.0011095780154076118,0.009844774060020697,0.0,1
wsTZxwEVHkE,This Might Be The Scariest Demo Ever‚Ä¶,20,2026-02-23 23:01:12+00:00,234509,9242,572,US,en,23,0.03941000132191089,0.002439138796378817,0.041849140118289704,0.0,0
1Lmy7qwmSMc,IVE ÏïÑÏù¥Î∏å 'BLACKHOLE' MV,10,2026-02-23 09:00:12+00:00,4122218,217981,14602,US,ko,9,0.052879542032954106,0.0035422677791421995,0.0564218098120963,0.0,1
czuNF3JO9fk,"The Mummy Returns - Official 25th Anniversary Trailer (2026) Brendan Fraser, Rachel Weisz",24,2026-02-24 00:00:43+00:00,57393,1621,170,US,en,0,0.028243862491941527,0.002962033697489241,0.031205896189430767,0.0,0
EN58d013xWY,New Community Event: Unleash the Duke,20,2026-02-23 12:50:00+00:00,2540358,57706,2066,US,en,12,0.022715695976708795,0.0008132712003583747,0.023528967177067168,0.13636363636363635,1
IOyAqILX858,El Mencho Estilo Chalino Sanchez,10,2026-02-22 23:34:20+00:00,101334,3069,132,US,es,23,0.03028598496062526,0.001302623009059151,0.03158860796968441,0.0,0
SArhNp6p4jM,AVENGERS DOOMSDAY TRAILER & Post Credit Deleted Scene Breakdown,24,2026-02-22 23:19:26+00:00,352245,8064,643,US,en,23,0.022893156751692713,0.0018254340019020852,0.0247185907535948,0.0,0
p7XwXHTIPcA,Trading a NOOBINI to a DRAGON in 1 Hour in Steal a Brainrot..,20,2026-02-23 18:40:23+00:00,557897,9671,1401,US,en,18,0.01733474100057896,0.0025112162280851126,0.01984595722866407,0.0,0
4uSp_1NH8Xo,Al Final del D√≠a,10,2026-02-23 13:07:58+00:00,127142,942,0,US,es,13,0.007409038712620534,0.0,0.007409038712620534,0.0,0
lDUD3omAlHA,[Official Trailer] Girl Rules ‡∏Å‡∏é‡∏´‡∏•‡∏±‡∏Å...‡∏´‡πâ‡∏≤‡∏°‡∏£‡∏±‡∏Å‡πÄ‡∏ò‡∏≠,24,2026-02-23 09:01:06+00:00,509580,58268,3353,US,th,9,0.11434514698379057,0.006579928568625142,0.12092507555241572,0.0,0
6GYZvR3jDak,Testing FAKE Survive Lava For Brainrots Games!,20,2026-02-23 23:50:32+00:00,181954,6428,1212,US,en,23,0.03532761027512448,0.006661024214911461,0.041988634490035946,-0.625,0
Z2-_EYDUFAk,Aaya Sher - Song Promo | The Paradise | Nani | Anirudh Ravichander | Srikanth Odela,10,2026-02-23 05:37:00+00:00,2423362,148177,1775,US,en,5,0.06114521891487941,0.0007324535088030596,0.06187767242368247,0.0,1
C7VFe2YNFm8,DC Next Level - Trailer,24,2026-02-23 18:00:12+00:00,174662,10251,484,US,en,18,0.05869049936448684,0.0027710664025374725,0.06146156576702431,0.0,0
Pyhc9bO_cfw,12000+ Knocks (Stella Montis PvP),20,2026-02-24 04:50:17+00:00,263032,1908,8,US,sv,4,0.007253870251528331,3.0414550320873507e-05,0.0072842848018492045,0.0,0
lEKezbS5KKM,Victor Valverde ft JR Torres - El Mayor de Los Ranas [Letras/Lyrics],22,2026-02-18 19:00:06+00:00,198296,283,2,US,es,19,0.0014271593980715697,1.0085932141848549e-05,0.0014372453302134184,0.0,0
FGKuQa6ulEQ,Marshals | Trailer 2 | Watch on CBS - Stream on Paramount+,24,2026-02-23 19:37:21+00:00,31359,420,42,US,en,19,0.01339328422462451,0.001339328422462451,0.014732612647086961,0.0,0
i4sWgov4sWU,Disarming A Bomb With Jynxzi Is IMPOSSIBLE.,20,2026-02-22 18:21:21+00:00,768823,24263,1502,US,en,18,0.03155862922935448,0.001953635622243351,0.033512264851597834,-0.6666666666666666,1
rxr4aJyR7d4,Roc√≠o D√∫rcal - Como Tu Mujer (Letra),22,2026-02-21 16:15:06+00:00,192879,351,6,US,es,16,0.0018197937567075732,3.110758558474484e-05,0.001850901342292318,0.0,0
BCQwSlYlEe8,Thaai Kizhavi - Official Trailer | Radikaa Sarathkumar | Sivakumar Murugesan | Nivas K Prasanna,1,2026-02-23 11:30:09+00:00,861683,28303,835,US,et,11,0.032846185894348616,0.0009690338558379358,0.03381521975018655,0.0,1
eZLhOnt2m7k,"""That Isn't Me, Bro""",20,2026-02-23 14:12:24+00:00,608567,37256,2975,US,en,14,0.061219224834734715,0.004888533226415497,0.06610775806115021,0.0,0
Ju2yXGy_YIY,"Don Omar, Lucenzo - Danza Kuduro (Letra/Lyrics)",10,2026-02-20 13:39:37+00:00,970081,2089,7,US,it,13,0.002153428425049042,7.215892281160027e-06,0.0021606443173302022,0.0,1
CJ0pnRhIN5M,THE NEXT CHAPTER | WWE 2K26 Official Island Trailer | 2K,20,2026-02-23 15:00:19+00:00,53182,2405,408,US,en,15,0.04522206761686285,0.007671768643526005,0.052893836260388856,0.0,0
-UmAXOPIAi4,I Built a Secret Room to Hide From My BABYSITTER!,24,2026-02-23 15:00:00+00:00,340972,4735,1007,US,en,15,0.013886770761235527,0.002953321680372582,0.01684009244160811,-0.5,0
3CmkXLZqaIQ,Carla Morrison - Disfruto (Letra / Lyrics),10,2026-02-16 18:00:06+00:00,331534,1094,14,US,it,18,0.003299812387266464,4.2227946454963895e-05,0.003342040333721428,0.0,0
wY1V7rEAQ3o,"Subedaar - Official Trailer | Anil Kapoor, Radhikka Madan, Aditya Rawal, Mona Singh, Saurabh Shukla",24,2026-02-23 13:48:08+00:00,921603,15401,759,US,id,13,0.016711100115776534,0.0008235650274575929,0.017534665143234127,0.0,1
xPaKRV76Tlc,Shrouded Sky Update | ARC Raiders,20,2026-02-23 17:01:23+00:00,355726,16909,1434,US,en,17,0.04753377599613185,0.004031192547072747,0.0515649685432046,0.0,0
QWFIz75ad6I,NCT JNJM ÏóîÏãúÌã∞ Ï†úÎÖ∏Ïû¨ÎØº 'BOTH SIDES' MV,10,2026-02-23 09:00:09+00:00,1120429,150852,8543,US,ko,9,0.1346377146610807,0.007624758016795352,0.14226247267787606,0.0,1
H4-rMC88ylQ,A GREAT AWAKENING | Official Trailer,24,2026-02-23 16:00:23+00:00,42877,465,23,US,en,16,0.0108449751615085,0.0005364181262681625,0.011381393287776664,0.8,0
iDZl0qqw19I,Trolling My GIRLFRIEND in Roblox Knockout..,20,2026-02-23 23:52:59+00:00,122393,2414,239,US,en,23,0.019723350191595924,0.0019527260545946256,0.02167607624619055,0.0,0
e7CY8XDQN7g,sombr - back to friends (Lyrics),10,2026-02-19 15:10:23+00:00,605085,1240,14,US,en,15,0.0020492988588380143,2.3137245180429194e-05,0.0020724361040184436,0.0,0
cFYHCAEvZr8,"SHE DANCES Trailer (2026) Ethan Hawke, Steve Zahn",24,2026-02-23 16:01:00+00:00,52744,639,35,US,de,16,0.012115122099196117,0.0006635825875929015,0.012778704686789018,0.0,0
BkatAA06nrw,The Arc Raider‚Äôs Asylum,20,2026-02-23 17:20:01+00:00,176485,4904,303,US,en,17,0.02778706405643539,0.0017168597897838343,0.029503923846219225,0.0,0
i6QaYhTXwpU,*NSYNC - Bye Bye Bye // Lyrics / Sub. Espa√±ol,22,2026-02-16 22:00:48+00:00,796193,3838,25,US,es,22,0.004820439265354004,3.1399421999439837e-05,0.004851838687353443,0.0,1
Wr2daKr6tpY,Trolling My Friends With New Divine Slap In Steal a Brainrot..,20,2026-02-24 00:06:10+00:00,98919,2221,330,US,en,0,0.02245271383657336,0.0033360628392927545,0.025788776675866112,0.13636363636363635,0
7wM5mT2Dk0k,"Tarvin Toune, Dj Dirty Fingerz & Saii Kay - SOLO (Audio)",10,2026-02-13 01:30:06+00:00,47638,1451,125,US,en,1,0.03045887736680801,0.002623955665645073,0.03308283303245308,-0.6,0
RIZ_myi3NJQ,Unstoppable,24,2026-02-10 01:10:53+00:00,0,0,0,US,fr,1,0.0,0.0,0.0,0.0,0
kWRFcDZ_9d0,BABYLOCC x PRESSURE 9X19 - DOBLE PRESI√ìN (Video Oficial) shot by @ChinolaFilms #spanishdrill ,10,2026-02-24 03:00:06+00:00,19215,4666,566,US,en,3,0.24283112151964611,0.029456154046317982,0.2722872755659641,0.0,0
aqwL4lgk8Hw,I saved LILY LOVEBRAIDS in ENDING for CHAPTER 6! | Poppy Playtime [Chapter 5 Good Ending] Showcase,20,2026-02-24 02:21:09+00:00,311281,8317,835,US,en,2,0.026718624008532484,0.0026824637546139984,0.029401087763146483,0.7,0
uHXFmtSf_pI,How Now,10,2026-02-12 10:01:51+00:00,43805,1490,0,US,pl,10,0.03401438191987216,0.0,0.03401438191987216,0.0,0
jgRk_g-JML4,I Used A Random Number Generator To Create NBA Goats,20,2026-02-23 22:29:17+00:00,70259,3696,185,US,en,22,0.05260536016738069,0.002633114618767702,0.05523847478614839,-0.5,0
QSFyZMmeoFo,YN Jay - No English / Fox BD Next [Official Video],10,2026-02-23 23:00:06+00:00,15685,1756,94,US,en,23,0.11195409627032196,0.005992986930188078,0.11794708320051005,0.0,0
1Dt7zqBHwgY,IT'S BEEN YEARS AND BRO STILL TWEAKING | Poppy Playtime: Chapter 5,20,2026-02-22 16:08:18+00:00,510660,28420,1799,US,en,16,0.05565346806094074,0.003522891943759057,0.0591763600046998,0.0,0
zvpxh5lEFyM,VonOff1700 - SYBAU (Official Audio),10,2026-02-24 05:00:00+00:00,4088,543,58,US,it,5,0.13282778864970646,0.014187866927592954,0.14701565557729943,0.0,0
ifQ0fqj0yjw,Dani Mocanu - Info de la Napoli | Official Video,10,2026-02-23 17:00:06+00:00,355160,39894,2235,GB,it,17,0.11232683860795134,0.006292938393963284,0.11861977700191463,0.0,0
4g8OciWNJn4,"Scream 7 | Final Trailer (2026 Movie) ‚Äì Neve Campbell, Courteney Cox",1,2026-02-23 14:00:03+00:00,869700,7597,965,GB,en,14,0.008735196044613085,0.0011095780154076118,0.009844774060020697,0.0,1
tnKx_Tjv0GU,BOV BOYS PLAY MINECRAFT (EPISODE 6),22,2026-02-23 18:01:00+00:00,114502,4396,283,GB,de,18,0.0383923424918342,0.00247157254895111,0.04086391504078531,0.0,0
8sAVQWKgMjg,Baby Keem - Birds & the Bees (Official Video),10,2026-02-23 20:15:01+00:00,381910,48359,3230,GB,en,20,0.1266240737346495,0.008457489984551335,0.13508156371920085,0.0,0
czuNF3JO9fk,"The Mummy Returns - Official 25th Anniversary Trailer (2026) Brendan Fraser, Rachel Weisz",24,2026-02-24 00:00:43+00:00,57393,1621,170,GB,en,0,0.028243862491941527,0.002962033697489241,0.031205896189430767,0.0,0
p7XwXHTIPcA,Trading a NOOBINI to a DRAGON in 1 Hour in Steal a Brainrot..,20,2026-02-23 18:40:23+00:00,557897,9671,1401,GB,en,18,0.01733474100057896,0.0025112162280851126,0.01984595722866407,0.0,0
1Lmy7qwmSMc,IVE ÏïÑÏù¥Î∏å 'BLACKHOLE' MV,10,2026-02-23 09:00:12+00:00,4122218,217981,14602,GB,ko,9,0.052879542032954106,0.0035422677791421995,0.0564218098120963,0.0,1
zPHLojHUCvk,ENA: Dating Oblivion - Teaser Trailer,24,2026-02-23 22:13:09+00:00,354163,89439,4928,GB,en,22,0.2525362615518843,0.013914496997145382,0.26645075854902966,0.0,0
EN58d013xWY,New Community Event: Unleash the Duke,20,2026-02-23 12:50:00+00:00,2540358,57706,2066,GB,en,12,0.022715695976708795,0.0008132712003583747,0.023528967177067168,0.13636363636363635,1
Z2-_EYDUFAk,Aaya Sher - Song Promo | The Paradise | Nani | Anirudh Ravichander | Srikanth Odela,10,2026-02-23 05:37:00+00:00,2423362,148177,1775,GB,en,5,0.06114521891487941,0.0007324535088030596,0.06187767242368247,0.0,1
_Q-i5CA0ogM,"Character Trailer - ""Varka: The Code of Chivalry"" | Genshin Impact #GenshinImpact #Varka",20,2026-02-24 04:00:27+00:00,197902,43823,3267,GB,en,4,0.22143788339683276,0.01650817071075583,0.2379460541075886,0.0,0
RXFy3z5AUuo,The Dumbest Game We've Ever Played,20,2026-02-23 22:28:00+00:00,711696,35775,1189,GB,en,22,0.0502672489377487,0.0016706571345068682,0.05193790607225557,-0.4,0
eWLSziGULZ8,M.L.A-K RESPED NA? || Avers Pereira || New Konkani Song 2026,10,2026-02-23 10:09:45+00:00,21524,1338,143,GB,id,10,0.06216316669763984,0.006643746515517562,0.0688069132131574,0.13636363636363635,0
BCQwSlYlEe8,Thaai Kizhavi - Official Trailer | Radikaa Sarathkumar | Sivakumar Murugesan | Nivas K Prasanna,1,2026-02-23 11:30:09+00:00,861683,28302,835,GB,id,11,0.032845025374760785,0.0009690338558379358,0.03381405923059872,0.0,1
-UmAXOPIAi4,I Built a Secret Room to Hide From My BABYSITTER!,24,2026-02-23 15:00:00+00:00,340972,4735,1007,GB,en,15,0.013886770761235527,0.002953321680372582,0.01684009244160811,-0.5,0
yjfg9fzTo_8,T.I. - The Right One (Official Audio),23,2026-02-23 22:17:00+00:00,317370,27096,6985,GB,en,22,0.0853766896682106,0.0220090115637899,0.1073857012320005,0.2857142857142857,0
lDUD3omAlHA,[Official Trailer] Girl Rules ‡∏Å‡∏é‡∏´‡∏•‡∏±‡∏Å...‡∏´‡πâ‡∏≤‡∏°‡∏£‡∏±‡∏Å‡πÄ‡∏ò‡∏≠,24,2026-02-23 09:01:06+00:00,509580,58268,3353,GB,th,9,0.11434514698379057,0.006579928568625142,0.12092507555241572,0.0,0
FeoHB9O2Rp4,Monday 2/23,24,2026-02-24 02:23:26+00:00,243444,4039,77,GB,tl,2,0.016591084602619082,0.0003162945071556498,0.01690737910977473,0.0,0
Ju2yXGy_YIY,"Don Omar, Lucenzo - Danza Kuduro (Letra/Lyrics)",10,2026-02-20 13:39:37+00:00,970081,2089,7,GB,it,13,0.002153428425049042,7.215892281160027e-06,0.0021606443173302022,0.0,1
pDgBfCumyyI,WEDNESDAY Season 3 Teaser Trailer (2026),1,2026-02-23 14:06:49+00:00,55146,829,70,GB,en,14,0.015032821963515033,0.0012693577050012694,0.0163021796685163,0.0,0
aK7D_NJLq9A,Exploring The Biggest POIs In HumanitZ 1.0...,20,2026-02-24 05:41:23+00:00,90696,481,12,GB,en,5,0.005303431242833201,0.00013231013495633765,0.005435741377789538,0.0,0
QWFIz75ad6I,NCT JNJM ÏóîÏãúÌã∞ Ï†úÎÖ∏Ïû¨ÎØº 'BOTH SIDES' MV,10,2026-02-23 09:00:09+00:00,1120429,150852,8543,GB,ko,9,0.1346377146610807,0.007624758016795352,0.14226247267787606,0.0,1
C7VFe2YNFm8,DC Next Level - Trailer,24,2026-02-23 18:00:12+00:00,174662,10251,484,GB,en,18,0.05869049936448684,0.0027710664025374725,0.06146156576702431,0.0,0
eZLhOnt2m7k,"""That Isn't Me, Bro""",20,2026-02-23 14:12:24+00:00,608567,37256,2975,GB,en,14,0.061219224834734715,0.004888533226415497,0.06610775806115021,0.0,0
x7BRgtIIEOw,Iyaz - Replay (Lyrics),10,2026-02-20 11:35:44+00:00,133020,377,1,GB,en,11,0.002834160276650128,7.517666516313336e-06,0.002841677943166441,0.0,0
wY1V7rEAQ3o,"Subedaar - Official Trailer | Anil Kapoor, Radhikka Madan, Aditya Rawal, Mona Singh, Saurabh Shukla",24,2026-02-23 13:48:08+00:00,921603,15401,759,GB,id,13,0.016711100115776534,0.0008235650274575929,0.017534665143234127,0.0,1
A6OkzhlKpNc,JAKEY'S LOVELY WORLD! (EPISODE 5),22,2026-02-23 18:06:42+00:00,19955,608,143,GB,de,18,0.030468554247055874,0.0071661237785016286,0.037634678025557505,0.625,0
_YSESHSMN28,Bella Kay - iloveitiloveitiloveit (Lyrics),22,2026-02-22 17:10:09+00:00,17241,227,3,GB,fi,17,0.013166289658372484,0.00017400382808421786,0.013340293486456703,0.0,0
CJ0pnRhIN5M,THE NEXT CHAPTER | WWE 2K26 Official Island Trailer | 2K,20,2026-02-23 15:00:19+00:00,53182,2405,408,GB,en,15,0.04522206761686285,0.007671768643526005,0.052893836260388856,0.0,0
ZTP18-zeEnQ,#1 MACHINE Kicks Off Your Monday,20,2026-02-24 07:27:55+00:00,73125,539,0,GB,en,7,0.007370940170940171,0.0,0.007370940170940171,0.0,0
r29wbK8LKs8,Dolly Parton & Kenny Rogers - Islands In The Stream (Lyrics),10,2026-02-18 19:45:58+00:00,73986,139,3,GB,en,19,0.001878733814505447,4.054821182385857e-05,0.0019192820263293055,0.0,0
SArhNp6p4jM,AVENGERS DOOMSDAY TRAILER & Post Credit Deleted Scene Breakdown,24,2026-02-22 23:19:26+00:00,352245,8064,643,GB,en,23,0.022893156751692713,0.0018254340019020852,0.0247185907535948,0.0,0
-33ryrb9U2E,100 Drops - [ONLY WINS] (7),20,2026-02-24 07:36:21+00:00,30464,652,2,GB,en,7,0.021402310924369748,6.565126050420168e-05,0.02146796218487395,0.15,0
2XAAyOf9sEo,Jessie Ware - The Way We Were (BAFTA Film Awards 2026),10,2026-02-23 17:50:12+00:00,20112,1589,129,GB,en,17,0.07900755767700875,0.006414081145584725,0.08542163882259347,0.0,0
MTYB31KJyds,"Yeah, I Saw the Toy Story 5 Trailer",1,2026-02-23 16:00:22+00:00,35734,2554,806,GB,en,16,0.07147254715397101,0.022555549336766106,0.09402809649073711,0.0,0
Pyhc9bO_cfw,12000+ Knocks (Stella Montis PvP),20,2026-02-24 04:50:17+00:00,263032,1908,8,GB,sv,4,0.007253870251528331,3.0414550320873507e-05,0.0072842848018492045,0.0,0
KEBbwRTf8mw,YoungBoy Never Broke Again - Another Episode [Official Video],10,2026-02-23 02:00:25+00:00,544013,55498,5082,GB,en,2,0.1020159444719152,0.00934168852582567,0.11135763299774086,0.0,0
T0_XURcUI48,I Found YouTubers First Avatars‚Ä¶,20,2026-02-23 17:07:58+00:00,186038,2655,619,GB,en,17,0.014271277910964426,0.003327277222932949,0.017598555133897374,0.25,0
0ow_72pR0BU,Lord Huron - The Night We Met,10,2026-02-16 18:32:34+00:00,466959,0,10,GB,en,18,0.0,2.141515636276418e-05,2.141515636276418e-05,0.0,0
wEaRzkbiQWQ,The ARC Raiders Huge Update is Nearly Upon us!,20,2026-02-23 19:19:57+00:00,116092,909,1,GB,en,19,0.00782999689901113,8.613857974709713e-06,0.00783861075698584,0.26249999999999996,0
KxlLElx3DHc,Adele - Easy On Me (Lyrics),10,2026-02-18 17:04:15+00:00,127392,201,3,GB,en,17,0.0015778070836473248,2.354935945742276e-05,0.0016013564431047475,0.43333333333333335,0
xPaKRV76Tlc,Shrouded Sky Update | ARC Raiders,20,2026-02-23 17:01:23+00:00,355726,16909,1434,GB,en,17,0.04753377599613185,0.004031192547072747,0.0515649685432046,0.0,0
Geh1ZEjkaeM,"ITZY ""THAT'S A NO NO"" (FULL CAM VER.) @ 'TUNNEL VISION' in SEOUL",24,2026-02-23 11:00:11+00:00,317975,31715,1179,GB,en,11,0.09974054564038053,0.0037078386665618367,0.10344838430694236,-0.175,0
xN1dx1nI5S0,„ÄêMINECRAFT„Äë Phoebe and Nimi's Adventures in Minecraft | Ep. 4 (SEASON FINALE),20,2026-02-24 02:24:03+00:00,65824,4354,123,GB,en,2,0.06614608653378706,0.0018686193485658725,0.06801470588235294,0.0,0
WdpDrR6GWgc,The Race,10,2026-02-21 15:26:24+00:00,31167,1126,160,GB,en,15,0.036127955850739565,0.005133634934385728,0.04126159078512529,0.0,0
6fSBpIM6lb8,üî¥LIVE - Warzone Solos Challenges All Night,20,2026-02-24 06:01:34+00:00,86443,954,4,GB,en,6,0.011036174126302882,4.627326677695129e-05,0.011082447393079833,0.0,0
mK491w1UUuw,Ian Chan Èô≥ÂçìË≥¢„ÄäÁÑ°ÂêçÊåá„ÄãÔºà Ring Finger ÔºâOfficial Music Video,10,2026-02-23 13:00:36+00:00,43367,6928,569,GB,en,13,0.15975280743422418,0.013120575552839717,0.1728733829870639,0.0,0
IdeA-KNqG3M,"give your prime, not to infume, but to me",20,2026-02-24 05:57:02+00:00,126577,1709,28,GB,en,5,0.013501663019347908,0.0002212092244246585,0.013722872243772565,0.0,0
FQgkFcSDBzE,The Script - The Man Who Can't Be Moved (Lyrics),10,2026-02-22 08:15:01+00:00,299319,441,13,GB,en,8,0.0014733444919968327,4.3431923800360154e-05,0.001516776415797193,0.0,0
EBu_vKrq4iU,CHAMPIONS LEAGUE DRAFT DECIDES OUR TEAM,20,2026-02-22 21:10:59+00:00,128003,3948,455,GB,de,21,0.030843027116551954,0.003554604188964321,0.03439763130551628,0.0,0
8sAVQWKgMjg,Baby Keem - Birds & the Bees (Official Video),10,2026-02-23 20:15:01+00:00,381910,48359,3230,CA,en,20,0.1266240737346495,0.008457489984551335,0.13508156371920085,0.0,0
_Q-i5CA0ogM,"Character Trailer - ""Varka: The Code of Chivalry"" | Genshin Impact #GenshinImpact #Varka",20,2026-02-24 04:00:27+00:00,197902,43823,3267,CA,en,4,0.22143788339683276,0.01650817071075583,0.2379460541075886,0.0,0
RXFy3z5AUuo,The Dumbest Game We've Ever Played,20,2026-02-23 22:28:00+00:00,711696,35775,1189,CA,en,22,0.0502672489377487,0.0016706571345068682,0.05193790607225557,-0.4,0
1Lmy7qwmSMc,IVE ÏïÑÏù¥Î∏å 'BLACKHOLE' MV,10,2026-02-23 09:00:12+00:00,4122218,217981,14602,CA,vi,9,0.052879542032954106,0.0035422677791421995,0.0564218098120963,0.0,1
zPHLojHUCvk,ENA: Dating Oblivion - Teaser Trailer,24,2026-02-23 22:13:09+00:00,354163,89451,4928,CA,en,22,0.25257014425561114,0.013914496997145382,0.2664846412527565,0.0,0
EN58d013xWY,New Community Event: Unleash the Duke,20,2026-02-23 12:50:00+00:00,2540358,57706,2066,CA,en,12,0.022715695976708795,0.0008132712003583747,0.023528967177067168,0.13636363636363635,1
yjfg9fzTo_8,T.I. - The Right One (Official Audio),23,2026-02-23 22:17:00+00:00,317370,27096,6985,CA,en,22,0.0853766896682106,0.0220090115637899,0.1073857012320005,0.2857142857142857,0
4g8OciWNJn4,"Scream 7 | Final Trailer (2026 Movie) ‚Äì Neve Campbell, Courteney Cox",1,2026-02-23 14:00:03+00:00,869700,7597,965,CA,en,14,0.008735196044613085,0.0011095780154076118,0.009844774060020697,0.0,1
m8iJCE-o29A,Bernard Picks My Operator in Rainbow Six Siege,20,2026-02-24 01:23:21+00:00,316896,12008,712,CA,de,1,0.037892557810764414,0.0022467939008381298,0.040139351711602544,0.0,0
s6PYbWt6i3Q,Apekz - Tuldok,10,2026-02-23 10:28:40+00:00,667661,40946,7889,CA,lv,10,0.06132752998902138,0.011815876620021239,0.07314340660904262,0.0,0
czuNF3JO9fk,"The Mummy Returns - Official 25th Anniversary Trailer (2026) Brendan Fraser, Rachel Weisz",24,2026-02-24 00:00:43+00:00,57393,1621,170,CA,en,0,0.028243862491941527,0.002962033697489241,0.031205896189430767,0.0,0
p7XwXHTIPcA,Trading a NOOBINI to a DRAGON in 1 Hour in Steal a Brainrot..,20,2026-02-23 18:40:23+00:00,557897,9671,1401,CA,en,18,0.01733474100057896,0.0025112162280851126,0.01984595722866407,0.0,0
VMHBAKsoMDA,Money Magnet : Kulwinder Sohi ft. J Hind | Deep Jandu | New Punjabi Song 2026 | Latest Punjabi Songs,10,2026-02-24 02:34:39+00:00,32427,5395,2109,CA,de,2,0.1663737009282388,0.06503839393098344,0.23141209485922226,0.21212121212121213,0
wY1V7rEAQ3o,"Subedaar - Official Trailer | Anil Kapoor, Radhikka Madan, Aditya Rawal, Mona Singh, Saurabh Shukla",24,2026-02-23 13:48:08+00:00,921603,15401,759,CA,id,13,0.016711100115776534,0.0008235650274575929,0.017534665143234127,0.0,1
eZLhOnt2m7k,"""That Isn't Me, Bro""",20,2026-02-23 14:12:24+00:00,608567,37256,2975,CA,en,14,0.061219224834734715,0.004888533226415497,0.06610775806115021,0.0,0
Z2-_EYDUFAk,Aaya Sher - Song Promo | The Paradise | Nani | Anirudh Ravichander | Srikanth Odela,10,2026-02-23 05:37:00+00:00,2423362,148177,1775,CA,en,5,0.06114521891487941,0.0007324535088030596,0.06187767242368247,0.0,1
BCQwSlYlEe8,Thaai Kizhavi - Official Trailer | Radikaa Sarathkumar | Sivakumar Murugesan | Nivas K Prasanna,1,2026-02-23 11:30:09+00:00,861683,28302,835,CA,et,11,0.032845025374760785,0.0009690338558379358,0.03381405923059872,0.0,1
xPaKRV76Tlc,Shrouded Sky Update | ARC Raiders,20,2026-02-23 17:01:23+00:00,355726,16909,1434,CA,en,17,0.04753377599613185,0.004031192547072747,0.0515649685432046,0.0,0
QWFIz75ad6I,NCT JNJM ÏóîÏãúÌã∞ Ï†úÎÖ∏Ïû¨ÎØº 'BOTH SIDES' MV,10,2026-02-23 09:00:09+00:00,1120429,150852,8543,CA,ko,9,0.1346377146610807,0.007624758016795352,0.14226247267787606,0.0,1
Etto7UB3Q5Q,Ishqa'n De Lekhe (Official Trailer) | Gurnam Bhullar | Isha Malviya | New Punjabi Movie 2026,10,2026-02-23 04:35:30+00:00,887747,12498,537,CA,en,4,0.014078335381589575,0.0006049020723246601,0.014683237453914234,0.13636363636363635,1
wsTZxwEVHkE,This Might Be The Scariest Demo Ever‚Ä¶,20,2026-02-23 23:01:12+00:00,234509,9242,572,CA,en,23,0.03941000132191089,0.002439138796378817,0.041849140118289704,0.0,0
i6QaYhTXwpU,*NSYNC - Bye Bye Bye // Lyrics / Sub. Espa√±ol,22,2026-02-16 22:00:48+00:00,796193,3838,25,CA,es,22,0.004820439265354004,3.1399421999439837e-05,0.004851838687353443,0.0,1
lDUD3omAlHA,[Official Trailer] Girl Rules ‡∏Å‡∏é‡∏´‡∏•‡∏±‡∏Å...‡∏´‡πâ‡∏≤‡∏°‡∏£‡∏±‡∏Å‡πÄ‡∏ò‡∏≠,24,2026-02-23 09:01:06+00:00,509580,58268,3353,CA,th,9,0.11434514698379057,0.006579928568625142,0.12092507555241572,0.0,0
-UmAXOPIAi4,I Built a Secret Room to Hide From My BABYSITTER!,24,2026-02-23 15:00:00+00:00,340972,4735,1007,CA,en,15,0.013886770761235527,0.002953321680372582,0.01684009244160811,-0.5,0
Geh1ZEjkaeM,"ITZY ""THAT'S A NO NO"" (FULL CAM VER.) @ 'TUNNEL VISION' in SEOUL",24,2026-02-23 11:00:11+00:00,317975,31715,1179,CA,en,11,0.09974054564038053,0.0037078386665618367,0.10344838430694236,-0.175,0
C7VFe2YNFm8,DC Next Level - Trailer,24,2026-02-23 18:00:12+00:00,174662,10251,484,CA,en,18,0.05869049936448684,0.0027710664025374725,0.06146156576702431,0.0,0
6GYZvR3jDak,Testing FAKE Survive Lava For Brainrots Games!,20,2026-02-23 23:50:32+00:00,181954,6428,1212,CA,en,23,0.03532761027512448,0.006661024214911461,0.041988634490035946,-0.625,0
vZJXqv48lIc,Taylor Swift - Opalite (BUNT. Remix) (Visualizer),10,2026-02-23 19:30:18+00:00,167775,17750,1463,CA,en,19,0.1057964535836686,0.008720011920727164,0.11451646550439577,0.0,0
cFYHCAEvZr8,"SHE DANCES Trailer (2026) Ethan Hawke, Steve Zahn",24,2026-02-23 16:01:00+00:00,52744,639,35,CA,en,16,0.012115122099196117,0.0006635825875929015,0.012778704686789018,0.0,0
IdeA-KNqG3M,"give your prime, not to infume, but to me",20,2026-02-24 05:57:02+00:00,126577,1709,28,CA,en,5,0.013501663019347908,0.0002212092244246585,0.013722872243772565,0.0,0
Tjgk3Qx4cQk,Boney M. - Rasputin (Lyrics),10,2026-02-16 13:01:02+00:00,161674,595,15,CA,en,13,0.0036802454321659636,9.277929660922598e-05,0.0037730247287751898,0.0,0
SArhNp6p4jM,AVENGERS DOOMSDAY TRAILER & Post Credit Deleted Scene Breakdown,24,2026-02-22 23:19:26+00:00,352245,8064,643,CA,en,23,0.022893156751692713,0.0018254340019020852,0.0247185907535948,0.0,0
iBJ-DurxcoM,"ChatGPT HITS 5,000 CHESS ELO",24,2026-02-23 21:08:00+00:00,134354,8310,648,CA,en,21,0.061851526564151424,0.004823079327746104,0.06667460589189753,0.0,0
x-lBaYiglJ0,Ik Kudi (Official Video) Gur Sidhu | Nikeet Dhillon | Kaptaan | New Punjabi Song 2026,10,2026-02-24 04:30:07+00:00,123892,18587,637,CA,id,4,0.15002582894779323,0.005141574920091692,0.15516740386788494,0.13636363636363635,0
pDgBfCumyyI,WEDNESDAY Season 3 Teaser Trailer (2026),1,2026-02-23 14:06:49+00:00,55146,829,70,CA,en,14,0.015032821963515033,0.0012693577050012694,0.0163021796685163,0.0,0
i4sWgov4sWU,Disarming A Bomb With Jynxzi Is IMPOSSIBLE.,20,2026-02-22 18:21:21+00:00,768823,24263,1502,CA,en,18,0.03155862922935448,0.001953635622243351,0.033512264851597834,-0.6666666666666666,1
8xb_P7ureNU,XG - ROCK THE BOAT (Official Music Video),10,2026-02-22 11:00:24+00:00,1443743,141527,6759,CA,ca,11,0.09802783459383006,0.004681581140133667,0.10270941573396374,0.0,1
Dh05dCUlo3E,ON A ATTENDU 1 MOIS POUR FINIR CETTE PARTIE (Super Mario Party Jamboree),20,2026-02-23 17:00:20+00:00,170797,9562,142,CA,en,17,0.0559845898932651,0.0008313963360012178,0.05681598622926632,0.3333333333333333,0
Ju2yXGy_YIY,"Don Omar, Lucenzo - Danza Kuduro (Letra/Lyrics)",10,2026-02-20 13:39:37+00:00,970081,2089,7,CA,it,13,0.002153428425049042,7.215892281160027e-06,0.0021606443173302022,0.0,1
cXqom9fz_iQ,ROBLOX GLIDE FOR BRAINROTS!,20,2026-02-23 22:36:28+00:00,139536,3538,460,CA,de,22,0.025355463822956083,0.003296640293544318,0.0286521041165004,0.0,0
lc-ibMfpUDc,GULAB SIDHU : DERA SHERAN DA ü¶Å  | Sukh Lotey | NVee | Latest Punjabi Song 2026 | #trending,10,2026-02-21 12:15:39+00:00,971500,12412,363,CA,en,12,0.012776119402985075,0.0003736489963973237,0.013149768399382398,0.5,1
tTevDL9iRD0,when a trapper plays bedwars...,22,2026-02-23 21:54:02+00:00,192180,11798,479,CA,en,21,0.061390363201165574,0.0024924549901134355,0.06388281819127901,0.0,0
e7CY8XDQN7g,sombr - back to friends (Lyrics),10,2026-02-19 15:10:23+00:00,605085,1240,14,CA,en,15,0.0020492988588380143,2.3137245180429194e-05,0.0020724361040184436,0.0,0
QKVSzP_sEU8,Arator Animated Short: Son of Two Worlds | World of Warcraft: Midnight,20,2026-02-23 20:00:17+00:00,169897,14435,1320,CA,en,20,0.08496324243512246,0.0077694132327233555,0.09273265566784582,0.0,0
sWkLpvCHx_w,NMIXX(ÏóîÎØπÏä§) ‚ÄúTIC TIC (Feat. Pabllo Vittar)‚Äù | Brazil Carnivalüáßüá∑ | Stage Recap,24,2026-02-24 03:00:52+00:00,108595,17456,887,CA,it,3,0.16074404898936415,0.0081679635342327,0.16891201252359686,0.0,0
iDZl0qqw19I,Trolling My GIRLFRIEND in Roblox Knockout..,20,2026-02-23 23:52:59+00:00,122393,2414,239,CA,en,23,0.019723350191595924,0.0019527260545946256,0.02167607624619055,0.0,0
kWqm9tkwpn8,ENTRY (Official Video) Amrit Maan | Desi Crew | Latest Punjabi Songs 2026,10,2026-02-21 11:31:10+00:00,1024323,13256,824,CA,en,11,0.012941230451722747,0.0008044337577111907,0.013745664209433938,0.5,1
OzTMuB_Tamw,They made Solitaire...AWESOME? | FORBIDDEN SOLITAIRE [DEMO],20,2026-02-23 18:00:25+00:00,111865,5880,336,CA,en,18,0.052563357618558085,0.003003620435346176,0.05556697805390426,0.0,0
K7UNIrguAlc,Tiki Tiki,10,2026-02-20 08:59:35+00:00,599197,8597,0,CA,sw,8,0.0143475351178327,0.0,0.0143475351178327,0.0,0
94rHafoeHms,"100 Days, But Plane Crash!",20,2026-02-23 11:00:22+00:00,439291,5567,876,CA,en,11,0.012672693044018657,0.0019941223471457415,0.0146668153911644,0.0,0
1Lmy7qwmSMc,IVE ÏïÑÏù¥Î∏å 'BLACKHOLE' MV,10,2026-02-23 09:00:12+00:00,4122218,217981,14602,AU,ko,9,0.052879542032954106,0.0035422677791421995,0.0564218098120963,0.0,1
c51ND9Hdbw0,Toy Story 5 | Official Trailer | In Theaters June 19,1,2026-02-19 17:00:14+00:00,8802416,223937,17728,AU,en,17,0.02544040181695571,0.0020139925220530363,0.027454394339008745,0.0,1
5g30EqOrfC4,SIDEMEN GTA: MEGA MEME OLYMPICS,22,2026-02-21 15:00:14+00:00,2029736,95592,2909,AU,so,15,0.04709577994379564,0.0014331913115794368,0.048528971255375086,0.0,1
8sAVQWKgMjg,Baby Keem - Birds & the Bees (Official Video),10,2026-02-23 20:15:01+00:00,381910,48359,3230,AU,en,20,0.1266240737346495,0.008457489984551335,0.13508156371920085,0.0,0
i6w7O1kwuBk,House of the Dragon Season 3 | Official Teaser | HBO Max,24,2026-02-19 16:00:06+00:00,4078181,129155,7215,AU,en,16,0.03166975668809207,0.0017691711083936685,0.03343892779648574,0.0,1
QO3sBFiEOpI,Poppy Playtime: Chapter 5,20,2026-02-21 02:52:29+00:00,3799718,159054,10853,AU,en,2,0.041859422199226365,0.0028562645964779493,0.04471568679570431,0.0,1
Z2-_EYDUFAk,Aaya Sher - Song Promo | The Paradise | Nani | Anirudh Ravichander | Srikanth Odela,10,2026-02-23 05:37:00+00:00,2423362,148177,1775,AU,en,5,0.06114521891487941,0.0007324535088030596,0.06187767242368247,0.0,1
cXymbHU5i-U,Toxic Official Hindi Teaser | Rocking Star Yash | Geetu Mohandas | KVN | Monster Mind Creations,1,2026-02-20 04:05:00+00:00,19769127,466409,22694,AU,en,4,0.023592796990984984,0.0011479515509207868,0.02474074854190577,0.0,1
La1zClF8jdY,I Explored the World's Largest Minecraft Server,20,2026-02-21 14:00:28+00:00,3972492,216245,22301,AU,en,14,0.054435603646275435,0.005613856491089221,0.06004946013736465,0.0,1
x9RC77Oc-0Q,5-7 (Music Video) Karan Aujla | Mxrci | Alankriitaa Sahai | Rehaan Records | Punjabi Songs 2026,10,2026-02-18 10:13:59+00:00,8288116,314463,13959,AU,id,10,0.03794143325214078,0.0016842187054331768,0.039625651957573955,0.0,1
_Q-i5CA0ogM,"Character Trailer - ""Varka: The Code of Chivalry"" | Genshin Impact #GenshinImpact #Varka",20,2026-02-24 04:00:27+00:00,197902,43823,3267,AU,en,4,0.22143788339683276,0.01650817071075583,0.2379460541075886,0.0,0
EN58d013xWY,New Community Event: Unleash the Duke,20,2026-02-23 12:50:00+00:00,2540358,57706,2066,AU,en,12,0.022715695976708795,0.0008132712003583747,0.023528967177067168,0.13636363636363635,1
lsndkQuEwaM,CG5 - Wrong Side Out (from Poppy Playtime: Chapter 5),10,2026-02-20 22:00:06+00:00,4702837,235541,14391,AU,en,22,0.05008487430034254,0.003060067784615967,0.053144942084958506,-0.5,1
BCQwSlYlEe8,Thaai Kizhavi - Official Trailer | Radikaa Sarathkumar | Sivakumar Murugesan | Nivas K Prasanna,1,2026-02-23 11:30:09+00:00,861683,28302,835,AU,id,11,0.032845025374760785,0.0009690338558379358,0.03381405923059872,0.0,1
m8iJCE-o29A,Bernard Picks My Operator in Rainbow Six Siege,20,2026-02-24 01:23:21+00:00,316896,12008,712,AU,de,1,0.037892557810764414,0.0022467939008381298,0.040139351711602544,0.0,0
kWqm9tkwpn8,ENTRY (Official Video) Amrit Maan | Desi Crew | Latest Punjabi Songs 2026,10,2026-02-21 11:31:10+00:00,1024323,13256,824,AU,en,11,0.012941230451722747,0.0008044337577111907,0.013745664209433938,0.5,1
lcvUGs3xaDM,Peaky Blinders: The Immortal Man | Official Trailer | Netflix,24,2026-02-19 14:00:01+00:00,5146806,155559,5408,AU,en,14,0.030224376049923,0.0010507487556360197,0.031275124805559024,0.1,1
Lpb7nNCm1Qw,Poppy Playtime Chapter 5 (FULL GAME),20,2026-02-20 17:00:38+00:00,1859120,76434,5216,AU,en,17,0.04111299969878222,0.0028056284693833643,0.04391862816816559,-0.025000000000000022,1
lc-ibMfpUDc,GULAB SIDHU : DERA SHERAN DA ü¶Å  | Sukh Lotey | NVee | Latest Punjabi Song 2026 | #trending,10,2026-02-21 12:15:39+00:00,971500,12412,363,AU,en,12,0.012776119402985075,0.0003736489963973237,0.013149768399382398,0.5,1
4g8OciWNJn4,"Scream 7 | Final Trailer (2026 Movie) ‚Äì Neve Campbell, Courteney Cox",1,2026-02-23 14:00:03+00:00,869700,7597,965,AU,en,14,0.008735196044613085,0.0011095780154076118,0.009844774060020697,0.0,1
RXFy3z5AUuo,The Dumbest Game We've Ever Played,20,2026-02-23 22:28:00+00:00,711696,35775,1189,AU,en,22,0.0502672489377487,0.0016706571345068682,0.05193790607225557,-0.4,0
8xb_P7ureNU,XG - ROCK THE BOAT (Official Music Video),10,2026-02-22 11:00:24+00:00,1443743,141527,6759,AU,en,11,0.09802783459383006,0.004681581140133667,0.10270941573396374,0.0,1
zPHLojHUCvk,ENA: Dating Oblivion - Teaser Trailer,24,2026-02-23 22:13:09+00:00,354163,89451,4928,AU,en,22,0.25257014425561114,0.013914496997145382,0.2664846412527565,0.0,0
IGIca5Y8M20,Convincing My Friends Their Server Corrupted,20,2026-02-22 16:00:32+00:00,1082848,36504,1127,AU,en,16,0.03371110257395313,0.001040773959041343,0.034751876532994476,0.5,1
iBUnDct2YGw,5-7,10,2026-02-18 09:31:18+00:00,2360296,45374,1214,AU,unknown,9,0.019223860058229986,0.0005143422689357606,0.019738202327165746,0.0,1
SArhNp6p4jM,AVENGERS DOOMSDAY TRAILER & Post Credit Deleted Scene Breakdown,24,2026-02-22 23:19:26+00:00,352245,8064,643,AU,en,23,0.022893156751692713,0.0018254340019020852,0.0247185907535948,0.0,0
17uBF_8vAYo,I Transformed the Tallest mountain in Rust into a solo fortress...,20,2026-02-21 19:47:56+00:00,814996,36890,2360,AU,en,19,0.045264025835709626,0.0028957197335937844,0.04815974556930341,0.0,1
QWFIz75ad6I,NCT JNJM ÏóîÏãúÌã∞ Ï†úÎÖ∏Ïû¨ÎØº 'BOTH SIDES' MV,10,2026-02-23 09:00:09+00:00,1120429,150852,8543,AU,ko,9,0.1346377146610807,0.007624758016795352,0.14226247267787606,0.0,1
nDGEWgzcxJ4,PRESSURE Official Trailer (2026) Brendan Fraser,1,2026-02-19 16:08:42+00:00,3508310,71317,7472,AU,en,16,0.02032802118398887,0.002129800388221109,0.02245782157220998,0.0,1
i4sWgov4sWU,Disarming A Bomb With Jynxzi Is IMPOSSIBLE.,20,2026-02-22 18:21:21+00:00,768823,24263,1502,AU,en,18,0.03155862922935448,0.001953635622243351,0.033512264851597834,-0.6666666666666666,1
OSYmTw6_bjc,Ego Renegade Boy ft. Kagamine Len,10,2026-02-21 00:00:06+00:00,803083,81409,7178,AU,de,0,0.10137059307692978,0.008938054970656832,0.11030864804758661,0.0,1
wY1V7rEAQ3o,"Subedaar - Official Trailer | Anil Kapoor, Radhikka Madan, Aditya Rawal, Mona Singh, Saurabh Shukla",24,2026-02-23 13:48:08+00:00,921603,15401,759,AU,id,13,0.016711100115776534,0.0008235650274575929,0.017534665143234127,0.0,1
158n8Pefpuo,I Built The WORLDS BIGGEST MOB SPAWNER in Minecraft Hardcore,20,2026-02-13 16:00:02+00:00,379498,3434,375,AU,en,16,0.009048796041085855,0.0009881475001185776,0.010036943541204433,0.0,0
UsXubuXq1lM,Daft Punk - Human After All (Official Music Video),10,2026-02-22 14:22:00+00:00,708582,68885,3104,AU,en,14,0.09721528348165773,0.004380579805865799,0.10159586328752353,0.0,0
czuNF3JO9fk,"The Mummy Returns - Official 25th Anniversary Trailer (2026) Brendan Fraser, Rachel Weisz",24,2026-02-24 00:00:43+00:00,57393,1621,170,AU,en,0,0.028243862491941527,0.002962033697489241,0.031205896189430767,0.0,0
V563dGxDiaI,Mansplaining Resident Evil Lore,20,2026-02-22 18:00:28+00:00,853885,67937,4742,AU,en,18,0.07956223613250028,0.005553441037142004,0.08511567716964229,-1.0,1
C_YnL6kCdUM,"The Chainsmokers, Halsey - Closer (Sub. Espa√±ol + Lyrics)",10,2026-02-17 22:00:16+00:00,1523807,2642,12,AU,en,22,0.0017338153716317092,7.875013042990353e-06,0.0017416903846746996,0.0,1
lDUD3omAlHA,[Official Trailer] Girl Rules ‡∏Å‡∏é‡∏´‡∏•‡∏±‡∏Å...‡∏´‡πâ‡∏≤‡∏°‡∏£‡∏±‡∏Å‡πÄ‡∏ò‡∏≠,24,2026-02-23 09:01:06+00:00,509580,58268,3353,AU,th,9,0.11434514698379057,0.006579928568625142,0.12092507555241572,0.0,0
5d1nGjbTI5U,BIG Interior Building! Hermitcraft 11 - Episode 11,20,2026-02-22 13:50:25+00:00,498001,41705,1932,AU,en,13,0.08374481175740611,0.003879510282107867,0.08762432203951398,0.0,0
vS_QbiZdx54,VEK X @SisanBaniya X @theactsuzeenashrestha - Angalo (Prod by pozod) (ClassX RUSH),10,2026-02-21 14:17:06+00:00,161399,9520,593,AU,en,14,0.058984256408032266,0.0036741243749961274,0.06265838078302839,0.0,0
Etto7UB3Q5Q,Ishqa'n De Lekhe (Official Trailer) | Gurnam Bhullar | Isha Malviya | New Punjabi Movie 2026,10,2026-02-23 04:35:30+00:00,887747,12498,537,AU,en,4,0.014078335381589575,0.0006049020723246601,0.014683237453914234,0.13636363636363635,1
3FS3meSF-b8,OWNER Gave Me ADMIN COMMANDS In Survive Lava For Brainrots..,20,2026-02-21 17:43:31+00:00,2005146,28443,3178,AU,en,17,0.014185001989880038,0.001584921995705051,0.01576992398558509,0.0,1
i6QaYhTXwpU,*NSYNC - Bye Bye Bye // Lyrics / Sub. Espa√±ol,22,2026-02-16 22:00:48+00:00,796193,3838,25,AU,es,22,0.004820439265354004,3.1399421999439837e-05,0.004851838687353443,0.0,1
N3Z6QV6bGq8,#CULT Red Band Teaser - India's First Slasher | Vishwak Sen | Ravi Basrur | Sandeep Kakarala,10,2026-02-21 11:01:27+00:00,1668701,66335,1806,AU,en,11,0.03975247812520038,0.0010822789702888654,0.04083475709548925,0.125,1
eZLhOnt2m7k,"""That Isn't Me, Bro""",20,2026-02-23 14:12:24+00:00,608567,37256,2975,AU,en,14,0.061219224834734715,0.004888533226415497,0.06610775806115021,0.0,0
VkajLZ-JdK8,ThunderZ - Tengri: MONGOL (Official Music Video),10,2026-02-22 09:00:06+00:00,733097,60093,2446,AU,en,9,0.08197141715216404,0.003336529818018625,0.08530794697018267,0.0,0
IHWlvwu8t1w,The Mandalorian and Grogu | Official Trailer | In Theaters May 22,24,2026-02-17 14:00:19+00:00,7111515,130875,8898,AU,en,14,0.018403251627817703,0.0012512101851715142,0.019654461812989216,0.0,1
VWLl18skl7Y,100th Brawler Reveal - Brawl Talk,20,2026-02-21 16:00:06+00:00,9609800,337596,34532,AU,en,16,0.035130387729193115,0.0035934150554642135,0.03872380278465733,0.0,1
j1lZCKcUgls,NAZAR (Official Music Video) - Armaan Gill & Arnaaz Gill | Tanu Grewal | STAR AND LIGHTNING,22,2026-02-21 13:04:51+00:00,948987,12816,178,AU,en,13,0.013504926832506663,0.0001875684282292592,0.013692495260735921,0.0,1
C7VFe2YNFm8,DC Next Level - Trailer,24,2026-02-23 18:00:12+00:00,174662,10251,484,AU,en,18,0.05869049936448684,0.0027710664025374725,0.06146156576702431,0.0,0
ifQ0fqj0yjw,Dani Mocanu - Info de la Napoli | Official Video,10,2026-02-23 17:00:06+00:00,355160,39894,2235,DE,it,17,0.11232683860795134,0.006292938393963284,0.11861977700191463,0.0,0
kbJZ1LLG1PY,"SCRUBS Trailer German Deutsch (2026) Zach Braff, Donald Faison",24,2026-02-23 14:54:44+00:00,100220,2761,294,DE,de,14,0.02754939133905408,0.0029335461983636003,0.03048293753741768,0.0,0
B2MWR7OGV1E,ALLE BESCHULDIGEN SICH GEGENSEITIG,24,2026-02-23 15:00:20+00:00,289934,17409,1014,DE,so,15,0.06004469982823677,0.003497347672228852,0.06354204750046562,0.0,0
1Lmy7qwmSMc,IVE ÏïÑÏù¥Î∏å 'BLACKHOLE' MV,10,2026-02-23 09:00:12+00:00,4122218,217986,14602,DE,vi,9,0.052880754972201856,0.0035422677791421995,0.05642302275134406,0.0,1
_Q-i5CA0ogM,"Character Trailer - ""Varka: The Code of Chivalry"" | Genshin Impact #GenshinImpact #Varka",20,2026-02-24 04:00:27+00:00,197902,43823,3267,DE,en,4,0.22143788339683276,0.01650817071075583,0.2379460541075886,0.0,0
EN58d013xWY,New Community Event: Unleash the Duke,20,2026-02-23 12:50:00+00:00,2540358,57706,2066,DE,en,12,0.022715695976708795,0.0008132712003583747,0.023528967177067168,0.13636363636363635,1
8sAVQWKgMjg,Baby Keem - Birds & the Bees (Official Video),10,2026-02-23 20:15:01+00:00,381910,48359,3230,DE,en,20,0.1266240737346495,0.008457489984551335,0.13508156371920085,0.0,0
zPHLojHUCvk,ENA: Dating Oblivion - Teaser Trailer,24,2026-02-23 22:13:09+00:00,354163,89451,4928,DE,en,22,0.25257014425561114,0.013914496997145382,0.2664846412527565,0.0,0
V3vqFQcWJFM,die TRADE MASCHINE muss GEBANNT werden! VORSICHT!,20,2026-02-23 13:50:25+00:00,198471,4264,416,DE,af,13,0.021484247068841292,0.002096024104277199,0.02358027117311849,0.0,0
QWFIz75ad6I,NCT JNJM ÏóîÏãúÌã∞ Ï†úÎÖ∏Ïû¨ÎØº 'BOTH SIDES' MV,10,2026-02-23 09:00:09+00:00,1120429,150852,8543,DE,ko,9,0.1346377146610807,0.007624758016795352,0.14226247267787606,0.0,1
h3ZZwpLmfMY,"GTA 6 Marketing: Trailer 3, Release auf PS6? VR-Modus, Gameplay-Physik",20,2026-02-23 19:48:32+00:00,4931,302,40,DE,en,19,0.061245183532751976,0.008111944838775096,0.06935712837152708,0.0,0
ytpHtXhfNZE,Ich FINDE GIFTIGE AUTOS in S√ÑURE in GTA 5!,20,2026-02-23 12:31:30+00:00,197053,4369,310,DE,de,12,0.022171699999492523,0.0015731808193734681,0.023744880818865992,0.0,0
0ys2eeLDWOo,SIDO x KONTRA K x METRICKZ - Vermiss dich nicht (Remix),10,2026-02-20 16:00:02+00:00,20325,1143,47,DE,de,16,0.05623616236162362,0.002312423124231242,0.05854858548585486,0.0,0
lDUD3omAlHA,[Official Trailer] Girl Rules ‡∏Å‡∏é‡∏´‡∏•‡∏±‡∏Å...‡∏´‡πâ‡∏≤‡∏°‡∏£‡∏±‡∏Å‡πÄ‡∏ò‡∏≠,24,2026-02-23 09:01:06+00:00,509580,58268,3353,DE,th,9,0.11434514698379057,0.006579928568625142,0.12092507555241572,0.0,0
ov7iCnzEknc,Wir m√ºssen 25 Aufgaben in 25 Spielen machen!,24,2026-02-23 19:05:00+00:00,57855,2803,172,DE,de,19,0.048448707976838645,0.002972949615417855,0.0514216575922565,0.0,0
EY07kVGs_Jk,K√¢be'de Hacƒ±lar H√ª Der Allah | Abdurrahman √ñn√ºl & Celal Karat√ºre,10,2026-02-21 08:00:13+00:00,5571475,267768,24803,DE,tr,8,0.04806052257256831,0.004451783414625391,0.0525123059871937,0.0,1
BCQwSlYlEe8,Thaai Kizhavi - Official Trailer | Radikaa Sarathkumar | Sivakumar Murugesan | Nivas K Prasanna,1,2026-02-23 11:30:09+00:00,861683,28302,835,DE,id,11,0.032845025374760785,0.0009690338558379358,0.03381405923059872,0.0,1
wdH9oyR2Zq8,JEDER DROP ist eine ZUF√ÑLLIGE WAFFE in Minecraft,20,2026-02-23 17:00:16+00:00,74973,3165,143,DE,de,17,0.042215197471089594,0.0019073533138596562,0.04412255078494925,0.0,0
Geh1ZEjkaeM,"ITZY ""THAT'S A NO NO"" (FULL CAM VER.) @ 'TUNNEL VISION' in SEOUL",24,2026-02-23 11:00:11+00:00,317975,31716,1179,DE,en,11,0.09974369054170926,0.0037078386665618367,0.1034515292082711,-0.175,0
UpsIX4BvvyM,REALM: Release Trailer | Hero Wars: Alliance,20,2026-02-23 14:00:32+00:00,20433,536,484,DE,en,14,0.026232075564038566,0.023687172710810944,0.04991924827484951,0.0,0
Yg8fzez59YY,Was ist UNTER Der Escape Tsunami for Brainrot Map...,20,2026-02-23 15:00:51+00:00,65228,1155,187,DE,en,15,0.017707119641871587,0.0028668669896363525,0.020573986631507942,0.0,0
3EgZKsFGAes,Assala & Ebru G√ºnde≈ü - Ah Yar √áaƒüƒ±rsan Gelmem Mi? | Aktar,10,2026-02-21 17:30:06+00:00,448296,4462,65,DE,tr,17,0.009953245177293573,0.00014499348644645503,0.010098238663740029,0.0,0
goaGRag2fnA,"GTA 6: Vorbestellungen, Trailer 3 & mehr! Rockstars Release Zeitplan",20,2026-02-22 09:01:01+00:00,32894,1125,126,DE,de,9,0.03420076609716058,0.0038304858028819846,0.03803125190004256,0.0,0
pMGpR4lK2Gs,Wir starten eine NEUE D√∂nerbude!,20,2026-02-22 17:01:16+00:00,380626,23338,292,DE,de,17,0.061314781438997865,0.0007671572619842049,0.06208193870098207,0.0,0
Ju2yXGy_YIY,"Don Omar, Lucenzo - Danza Kuduro (Letra/Lyrics)",10,2026-02-20 13:39:37+00:00,970081,2089,7,DE,it,13,0.002153428425049042,7.215892281160027e-06,0.0021606443173302022,0.0,1
PqxgePDs7GQ,Anno 117: Pax Romana - Live Action Teaser: Tavern Gossip | Year 1 Trailer,20,2026-02-23 17:08:36+00:00,14416,1166,71,DE,en,17,0.08088235294117647,0.004925083240843507,0.08580743618201998,0.11818181818181818,0
_k_8rb_qqsE,üòÇü§£ Ich RASIERE ALLES in der 4 Karten CHALLENGE!!!üî•Clash Royale vs. Bigspin,20,2026-02-23 09:00:51+00:00,77186,4004,47,DE,de,9,0.051874692301712745,0.0006089187158292954,0.052483611017542044,0.0,0
i6QaYhTXwpU,*NSYNC - Bye Bye Bye // Lyrics / Sub. Espa√±ol,22,2026-02-16 22:00:48+00:00,796193,3838,25,DE,es,22,0.004820439265354004,3.1399421999439837e-05,0.004851838687353443,0.0,1
wY1V7rEAQ3o,"Subedaar - Official Trailer | Anil Kapoor, Radhikka Madan, Aditya Rawal, Mona Singh, Saurabh Shukla",24,2026-02-23 13:48:08+00:00,921603,15401,759,DE,id,13,0.016711100115776534,0.0008235650274575929,0.017534665143234127,0.0,1
gTo2sQtb4uw,"Schach, aber spannend | Gambonanza",20,2026-02-23 17:01:07+00:00,71332,2639,149,DE,de,17,0.03699601861717042,0.0020888240901699097,0.03908484270734033,0.0,0
Z2-_EYDUFAk,Aaya Sher - Song Promo | The Paradise | Nani | Anirudh Ravichander | Srikanth Odela,10,2026-02-23 05:37:00+00:00,2423362,148177,1775,DE,en,5,0.06114521891487941,0.0007324535088030596,0.06187767242368247,0.0,1
eaZV6Ahx3ME,1000x SIRIUS BOX OPENING BATTLE! üò±,20,2026-02-23 15:01:05+00:00,81591,2152,209,DE,so,15,0.026375458077484037,0.002561557034476842,0.028937015111960878,0.0,0
ruD506VpiLE,Survivor - Burning Heart (Lyrics),22,2026-02-16 18:08:58+00:00,273474,1029,6,DE,en,18,0.0037626977336053884,2.193992847583317e-05,0.0037846376620812214,0.0,0
0ZlL8uUc7Zc,–§–ò–ù–ê–õ –ü–û–ü–ü–ò –ü–õ–ï–ô–¢–ê–ô–ú 5 –≠–¢–û –®–û–ö! –Ø –£–í–ò–î–ï–õ –ü–†–û–¢–û–¢–ò–ü–ê - Poppy Playtime Chapter 5 #8,24,2026-02-23 12:06:15+00:00,927640,86381,10506,DE,en,12,0.09311909792591953,0.01132551420809797,0.10444461213401751,0.0,1
e7CY8XDQN7g,sombr - back to friends (Lyrics),10,2026-02-19 15:10:23+00:00,605085,1240,14,DE,en,15,0.0020492988588380143,2.3137245180429194e-05,0.0020724361040184436,0.0,0
aK7D_NJLq9A,Exploring The Biggest POIs In HumanitZ 1.0...,20,2026-02-24 05:41:23+00:00,90696,481,12,DE,en,5,0.005303431242833201,0.00013231013495633765,0.005435741377789538,0.0,0
LnVMPEsal38,Usher - DJ Got Us Fallin' In Love (Lyrics) ft. Pitbull,10,2026-02-19 15:34:25+00:00,190714,398,7,DE,en,15,0.0020868945122015166,3.670417483771511e-05,0.0021235986870392315,0.5,0
yPpYIzGxLT0,"MASSIVE FITNA in der WL ENDET im STREIT, DISKUSSIONEN & Schlechter LAUNE ... ü§¨üò± BT2G #6",20,2026-02-23 13:01:43+00:00,44944,2549,60,DE,de,13,0.05671502313990744,0.00133499466002136,0.0580500177999288,0.0,0
whFY3cc-5rs,–î–µ–¥ –ê—Ä—Ö–∏–º–µ–¥ ‚Äî –ß–ï–¢–´–†–ï –ì–û–î–ê | –ü–æ–ª—ë—Ç –Ω–æ—Ä–º–∞–ª—å–Ω—ã–π üî•–ò—Ä–æ–Ω–∏—á–Ω—ã–π —Ä–æ–∫ –æ –≤–æ–π–Ω–µ,23,2026-02-24 06:00:48+00:00,6993,2404,237,DE,ru,6,0.3437723437723438,0.03389103389103389,0.37766337766337765,0.0,0
YUctyuVA61A,Mein Aufstieg zum Soldaten-Rang war absolut INSANE! | Half Sword,20,2026-02-23 15:47:15+00:00,31557,1882,103,DE,de,15,0.059638115156700575,0.0032639351015622525,0.06290205025826283,-0.5833333333333334,0
0wzda7fOpJY,Nikad nije kasno - Cela emisija 23 - 22.02.2026.,10,2026-02-22 23:00:02+00:00,49471,0,79,DE,hr,23,0.0,0.0015968951506943462,0.0015968951506943462,0.0,0
aMiea9UGiec,"7 Days 2 Die | S3E84 üßü Drill, Baby, Drill!",20,2026-02-23 17:00:02+00:00,25213,1807,49,DE,de,17,0.07166937690873755,0.0019434418752230993,0.07361281878396066,0.0,0
K7UNIrguAlc,Tiki Tiki,10,2026-02-20 08:59:35+00:00,599197,8597,0,DE,id,8,0.0143475351178327,0.0,0.0143475351178327,0.0,0
VlUSNeRwA80,Kann Ich MILLION√ÑR werden in Garden Horizont?,20,2026-02-23 12:25:24+00:00,74340,3183,121,DE,de,12,0.04281678773204197,0.001627656712402475,0.044444444444444446,0.0,0
44-n50OPw3w,Dj Dibaj & 2pac - —É—Å–∏–ª–µ–Ω–∏–µ –±–∞—Å–æ–≤ ‚Äú LooseScrew ‚Äú | –ª—É—á—à–∞—è –º—É–∑—ã–∫–∞ –≤ –º–∞—à–∏–Ω–µ 2024 - Top Remix,10,2026-02-20 10:15:00+00:00,221640,1321,25,DE,ru,10,0.005960115502616856,0.00011279552427359682,0.006072911026890453,0.5,0
ZN-K1KRLR84,LICHT und DUNKELHEIT VERBOTENE LIEBE in Minecraft!,20,2026-02-23 15:29:07+00:00,42158,1157,141,DE,de,15,0.02744437591916125,0.0033445609374258742,0.030788936856587124,0.0,0
-ZRMiQwWxj0,GOZALO,10,2026-02-22 08:55:18+00:00,499736,4653,140,DE,de,8,0.009310916163734452,0.0002801479181007572,0.009591064081835209,0.0,0
G4bPaodS3uI,DAS *ERSTE* MINECRAFT CREATOR BATTLE ROYALE,20,2026-02-23 15:07:19+00:00,35608,2744,296,DE,de,15,0.07706133453156594,0.008312738710402157,0.0853740732419681,0.0,0
X1nQic1nVDI,"ATLXS, DJ FKU - MONTAGEM REBOLA (SUPER SLOWED) Lyrics",22,2026-02-19 13:00:59+00:00,634333,3494,63,DE,en,13,0.005508147928611628,9.931692029265386e-05,0.005607464848904282,0.3333333333333333,0
fip1f9cewuw,Er BEREUT den Kauf der NINTENDO SWITCH 2 (Und hat recht),20,2026-02-23 14:06:00+00:00,55479,4985,402,DE,de,14,0.08985381856197841,0.007245984967284918,0.09709980352926333,0.0,0
1Lmy7qwmSMc,IVE ÏïÑÏù¥Î∏å 'BLACKHOLE' MV,10,2026-02-23 09:00:12+00:00,4122218,217986,14602,FR,vi,9,0.052880754972201856,0.0035422677791421995,0.05642302275134406,0.0,1
82khoC1rfto,MERCREDI Saison 3 Bande Annonce Teaser VF (2026),1,2026-02-23 14:08:58+00:00,50835,1686,101,FR,fr,14,0.033166125700796696,0.001986820104258877,0.03515294580505557,0.0,0
Dh05dCUlo3E,ON A ATTENDU 1 MOIS POUR FINIR CETTE PARTIE (Super Mario Party Jamboree),20,2026-02-23 17:00:20+00:00,170797,9562,142,FR,en,17,0.0559845898932651,0.0008313963360012178,0.05681598622926632,0.3333333333333333,0
ifQ0fqj0yjw,Dani Mocanu - Info de la Napoli | Official Video,10,2026-02-23 17:00:06+00:00,355160,39894,2235,FR,it,17,0.11232683860795134,0.006292938393963284,0.11861977700191463,0.0,0
_Q-i5CA0ogM,"Character Trailer - ""Varka: The Code of Chivalry"" | Genshin Impact #GenshinImpact #Varka",20,2026-02-24 04:00:27+00:00,197902,43823,3267,FR,en,4,0.22143788339683276,0.01650817071075583,0.2379460541075886,0.0,0
EN58d013xWY,New Community Event: Unleash the Duke,20,2026-02-23 12:50:00+00:00,2540358,57706,2066,FR,en,12,0.022715695976708795,0.0008132712003583747,0.023528967177067168,0.13636363636363635,1
Ju2yXGy_YIY,"Don Omar, Lucenzo - Danza Kuduro (Letra/Lyrics)",10,2026-02-20 13:39:37+00:00,970081,2089,7,FR,it,13,0.002153428425049042,7.215892281160027e-06,0.0021606443173302022,0.0,1
lDUD3omAlHA,[Official Trailer] Girl Rules ‡∏Å‡∏é‡∏´‡∏•‡∏±‡∏Å...‡∏´‡πâ‡∏≤‡∏°‡∏£‡∏±‡∏Å‡πÄ‡∏ò‡∏≠,24,2026-02-23 09:01:06+00:00,509580,58268,3353,FR,th,9,0.11434514698379057,0.006579928568625142,0.12092507555241572,0.0,0
b-Pdxhf2gKc,poppy playtime 5 il est de retour oh m*rde,20,2026-02-23 15:00:58+00:00,98538,11113,455,FR,fr,15,0.11277882644259067,0.004617507966469789,0.11739633440906046,0.0,0
8sAVQWKgMjg,Baby Keem - Birds & the Bees (Official Video),10,2026-02-23 20:15:01+00:00,381910,48359,3230,FR,en,20,0.1266240737346495,0.008457489984551335,0.13508156371920085,0.0,0
tMKjtfqKSR4,KUMA | Bande-annonce 01 √âP 49 | Sol Yanƒ±m (Doubl√© en Fran√ßais),24,2026-02-23 16:15:12+00:00,10334,401,16,FR,fr,16,0.03880394813237856,0.00154828720727695,0.040352235339655505,0.0,0
asZkb4amOgQ,A Chaque Crash Mon V√©hicule Grossit !,20,2026-02-23 16:00:03+00:00,115395,3154,171,FR,fr,16,0.027332206768057542,0.0014818666320031196,0.02881407340006066,0.0,0
QWFIz75ad6I,NCT JNJM ÏóîÏãúÌã∞ Ï†úÎÖ∏Ïû¨ÎØº 'BOTH SIDES' MV,10,2026-02-23 09:00:09+00:00,1120429,150852,8543,FR,ko,9,0.1346377146610807,0.007624758016795352,0.14226247267787606,0.0,1
BCQwSlYlEe8,Thaai Kizhavi - Official Trailer | Radikaa Sarathkumar | Sivakumar Murugesan | Nivas K Prasanna,1,2026-02-23 11:30:09+00:00,861683,28302,835,FR,id,11,0.032845025374760785,0.0009690338558379358,0.03381405923059872,0.0,1
3N4P81BF1ic,Burglin Gnomes - Rediffusion Squeezie du 18/02,20,2026-02-23 17:00:04+00:00,65240,3061,85,FR,de,17,0.04691906805640711,0.0013028816676885345,0.048221949724095645,0.0,0
cRytaMr-JQU,ANASTACIA - Left Outside Alone (LIVE) ‚Äì #NTK 2025,10,2026-02-19 10:46:01+00:00,125116,2364,117,FR,de,10,0.018894465935611754,0.0009351321973208862,0.019829598132932637,0.04545454545454545,0
4g8OciWNJn4,"Scream 7 | Final Trailer (2026 Movie) ‚Äì Neve Campbell, Courteney Cox",1,2026-02-23 14:00:03+00:00,869700,7597,965,FR,en,14,0.008735196044613085,0.0011095780154076118,0.009844774060020697,0.0,1
kBaHDjRglIA,Le meilleur type dans chaque jeu Pok√©mon,20,2026-02-23 17:00:06+00:00,50685,10127,1789,FR,fr,17,0.19980270296932032,0.03529643878859623,0.23509914175791655,0.0,0
K7UNIrguAlc,Tiki Tiki,10,2026-02-20 08:59:35+00:00,599197,8597,0,FR,id,8,0.0143475351178327,0.0,0.0143475351178327,0.0,0
V2Qlo5-VY9o,House of the Dragon S3 : Espoirs et analyse du teaser (Spoilers √† 15'10),24,2026-02-22 13:01:27+00:00,48735,1988,139,FR,en,13,0.04079203857597209,0.00285215963886324,0.04364419821483533,0.0,0
047SuFkimXw,COMMENT AVOIR GRATUITEMENT SIRIUS (oui vraiment),26,2026-02-23 15:28:58+00:00,67399,5179,603,FR,fr,15,0.07684090268401608,0.008946720277748928,0.08578762296176501,0.0,0
J8T388cI61A,A√Øcha (Remember The Time) Afro Soul,10,2026-02-19 10:04:33+00:00,199527,3660,0,FR,en,10,0.01834338209866334,0.0,0.01834338209866334,0.0,0
zPHLojHUCvk,ENA: Dating Oblivion - Teaser Trailer,24,2026-02-23 22:13:09+00:00,354163,89451,4928,FR,en,22,0.25257014425561114,0.013914496997145382,0.2664846412527565,0.0,0
z9dAm0Ep-Zc,J‚ÄôARR√äTE..,20,2026-02-22 07:00:40+00:00,972764,22064,3801,FR,en,7,0.022681760426989484,0.003907422560867796,0.02658918298785728,0.0,1
Tjgk3Qx4cQk,Boney M. - Rasputin (Lyrics),10,2026-02-16 13:01:02+00:00,161674,595,15,FR,en,13,0.0036802454321659636,9.277929660922598e-05,0.0037730247287751898,0.0,0
6QxURpI3bHM,ONE MILE : CHAPTER ONE Bande Annonce VF (2026),1,2026-02-21 19:03:45+00:00,54675,312,32,FR,pt,19,0.005706447187928669,0.0005852766346593507,0.00629172382258802,0.0,0
aK7D_NJLq9A,Exploring The Biggest POIs In HumanitZ 1.0...,20,2026-02-24 05:41:23+00:00,90696,481,12,FR,en,5,0.005303431242833201,0.00013231013495633765,0.005435741377789538,0.0,0
i6QaYhTXwpU,*NSYNC - Bye Bye Bye // Lyrics / Sub. Espa√±ol,22,2026-02-16 22:00:48+00:00,796193,3838,25,FR,es,22,0.004820439265354004,3.1399421999439837e-05,0.004851838687353443,0.0,1
68qtE_rXyvA,"SPIDER-MAN 4 : Une NOUVELLE FUITE CONFIRME TOUT ! (Infos, Rumeurs, Trailer...)",1,2026-02-23 17:00:03+00:00,3949,262,18,FR,en,17,0.06634591035705242,0.004558115978728792,0.07090402633578122,0.0,0
Egk-Rr-vnCg,J‚ÄôAI FINI EN PRISON √Ä CAUSE DES BRAINROTS‚Ä¶,20,2026-02-23 15:29:35+00:00,146199,5906,539,FR,de,15,0.040396993139487955,0.003686755723363361,0.04408374886285132,0.0,0
LnVMPEsal38,Usher - DJ Got Us Fallin' In Love (Lyrics) ft. Pitbull,10,2026-02-19 15:34:25+00:00,190714,398,7,FR,en,15,0.0020868945122015166,3.670417483771511e-05,0.0021235986870392315,0.5,0
83lEOWiR-6Q,xX-Dark_Gotaga-Xx (malveillance max),20,2026-02-23 15:30:00+00:00,79998,6074,81,FR,so,15,0.07592689817245431,0.0010125253131328283,0.07693942348558713,0.0,0
uzcUJcqGQPw,MATADORA,10,2026-02-22 09:25:28+00:00,226830,3513,107,FR,sw,9,0.015487369395582595,0.0004717189084336287,0.015959088304016225,0.0,0
1n9xnTwnemg,0.1% DE CHANCE DE TROUVER CE FOUTU POK√âMON (Pok√©rayou),20,2026-02-22 13:00:06+00:00,349384,26512,146,FR,cs,13,0.07588212396675291,0.0004178783229913219,0.07630000228974423,0.0,0
-ZRMiQwWxj0,GOZALO,10,2026-02-22 08:55:18+00:00,499736,4653,140,FR,de,8,0.009310916163734452,0.0002801479181007572,0.009591064081835209,0.0,0
eEZZrZRob74,Je dois me D√âBARRASSER de ce PILOTE de F1   Hitman,24,2026-02-22 18:38:13+00:00,240921,10546,176,FR,pt,18,0.04377368514990391,0.0007305299247471163,0.04450421507465103,0.0,0
Geh1ZEjkaeM,"ITZY ""THAT'S A NO NO"" (FULL CAM VER.) @ 'TUNNEL VISION' in SEOUL",24,2026-02-23 11:00:11+00:00,317975,31716,1179,FR,en,11,0.09974369054170926,0.0037078386665618367,0.1034515292082711,-0.175,0
EOnfIdDwn9c,NE RENCONTREZ JAMAIS LE PROTOTYPE !! POPPY PLAYTIME CHAPTER 5 (JEU COMPLET),20,2026-02-21 20:40:09+00:00,582033,33378,4631,FR,en,20,0.05734726381493833,0.007956593526483894,0.06530385734142222,0.0,0
yV2iaBXfnsw,TiBab & FullTrap - Bat 13 (Official Music Video),10,2026-02-23 18:59:21+00:00,4824,634,60,FR,ca,18,0.13142620232172472,0.012437810945273632,0.14386401326699835,0.0,0
0UqHimsPScA,On sort ce COMBO trop CHEAT√â sur la nouvelle SAISON en RELOAD ! (on monte d√©j√† DIAMANT),20,2026-02-23 17:42:31+00:00,37341,2055,116,FR,fr,17,0.055033341367397764,0.0031065049141694116,0.05813984628156718,0.0,0
tjsmTPVZhjk,Bigflo & Oli - 44D,10,2026-02-20 12:42:26+00:00,565508,41891,1529,FR,it,12,0.07407675930313984,0.002703763695650636,0.07678052299879047,0.0,0
8PBKkj1N0gE,J'ai crash√© l'√©conomie du Paladium (pour m'enrichir) - Episode 8 | Paladium S11,20,2026-02-22 17:26:12+00:00,195002,13664,295,FR,fr,17,0.07007107619409032,0.001512804996871827,0.07158388119096215,0.0,0
8xb_P7ureNU,XG - ROCK THE BOAT (Official Music Video),10,2026-02-22 11:00:24+00:00,1443743,141527,6759,FR,ca,11,0.09802783459383006,0.004681581140133667,0.10270941573396374,0.0,1
6yjVNUekVlA,MILLE MILLIONS DE PURGATOIRES !! -Berry Bury Berry- [TOUTES LES FINS],20,2026-02-23 15:00:18+00:00,32632,2751,94,FR,en,15,0.08430375091934297,0.00288060799215494,0.08718435891149792,0.0,0
X1nQic1nVDI,"ATLXS, DJ FKU - MONTAGEM REBOLA (SUPER SLOWED) Lyrics",22,2026-02-19 13:00:59+00:00,634333,3494,63,FR,en,13,0.005508147928611628,9.931692029265386e-05,0.005607464848904282,0.3333333333333333,0
RNHJ4L7OCCM,LE POPPY PLAYTIME LE PLUS TERRIFIANT... üò®üíÄ Chapitre 5,20,2026-02-22 16:30:21+00:00,141700,5664,211,FR,en,16,0.039971771347918135,0.001489061397318278,0.04146083274523642,0.0,0
UsXubuXq1lM,Daft Punk - Human After All (Official Music Video),10,2026-02-22 14:22:00+00:00,708582,68885,3104,FR,en,14,0.09721528348165773,0.004380579805865799,0.10159586328752353,0.0,0
ArmaOTjycoQ,Resident Evil 4 Remake no PROFISSIONAL! E antes Demons's Souls!,20,2026-02-24 03:49:52+00:00,33958,728,0,FR,en,3,0.02143824724659874,0.0,0.02143824724659874,-1.0,0
M2Uf5XYTxPo,Don Omar - Dile (Letra),10,2026-02-19 16:00:35+00:00,833086,1485,6,FR,de,16,0.0017825290546234123,7.202137594438029e-06,0.0017897311922178503,0.0,1
xlaWGJLt_Ls,Je Max la Mise √† Jour de F√©vrier et L'√©v√®nement du Nouveau H√©ros Arrive Demain !,20,2026-02-23 15:01:38+00:00,34515,2073,163,FR,fr,15,0.06006084311169057,0.004722584383601333,0.0647834274952919,0.0,0
VEiBxLwfU3E,Snow Man '„Ç™„Éâ„É≠„Ç¶„ÇºÔºÅ' Music Video,10,2026-02-23 12:00:07+00:00,2245550,128372,9308,JP,en,12,0.05716728641090156,0.004145086949745051,0.06131237336064661,0.0,1
CsxkouRl7Yo,ÂäáÂ†¥Áâà„ÄéÂêçÊé¢ÂÅµ„Ç≥„Éä„É≥ „Éè„Ç§„Ç¶„Çß„Ç§„ÅÆÂ†ïÂ§©‰Ωø„ÄèÊú¨‰∫àÂëä„Äê4Êúà10Êó•(Èáë)ÂÖ¨ÈñãÔºÅ„Äë,1,2026-02-22 21:00:02+00:00,1177891,33057,2096,JP,ja,21,0.02806456624594296,0.0017794515791359302,0.02984401782507889,0.0,1
KUPVSLpxDf4,‰∏ñÁïå‰∏≠„ÅßÂ§ßÊµÅË°å„Åó„Å¶„ÅÑ„ÇãÂåñ„ÅëÁâ©„Éõ„É©„Éº„Ç≤„Éº„É†„Äé Poppy Playtime Chapter 5 „Äè,20,2026-02-23 09:00:25+00:00,1012839,46557,6963,JP,ja,9,0.0459668318459301,0.006874735273819432,0.052841567119749536,0.0,1
1Lmy7qwmSMc,IVE ÏïÑÏù¥Î∏å 'BLACKHOLE' MV,10,2026-02-23 09:00:12+00:00,4122218,217986,14602,JP,ko,9,0.052880754972201856,0.0035422677791421995,0.05642302275134406,0.0,1
ZA4RkKzq-do,BIOHAZARD requiem √ó Porsche | Live Action Trailer,20,2026-02-23 08:00:00+00:00,27658,1016,0,JP,en,8,0.03673439872731217,0.0,0.03673439872731217,0.11818181818181818,0
-O3nxOCq0so,6ÂÑÑ„ÅÆÂÄüÈáë„ÇíÊä±„ÅàËæº„Åø„ÇÆ„É£„É≥„Ç∞„ÅÆÈáë„ÇíÊåÅ„Å°ÈÄÉ„Åí„Åó„Çà„ÅÜ„Å®„Åó„Å¶‰ª≤ÈñìÂÖ®Âì°„Åã„ÇâÊåáÂêçÊâãÈÖç„Åï„Çå„ÇãSHAKA„Äê#NEWTOWN„Äë,20,2026-02-24 06:00:01+00:00,60966,2014,81,JP,ja,6,0.03303480628547059,0.001328609388839681,0.03436341567431027,0.0,0
pRtKT-n4saM,0.2mm,10,2026-02-23 15:02:10+00:00,139392,14717,663,JP,sw,15,0.10557994719926538,0.004756370523415978,0.11033631772268136,0.0,0
wuAOgjaxS0c,Ëá™ÂàÜ„Çà„ÇäÈáàËø¶„ÇíÈÅ∏„Å∞„Çå„Å¶ÂºüÂ≠ê„Å´Á≤òÁùÄ„Åô„ÇãËëõËëâ„Äê„Å´„Åò„Åï„Çì„Åò/Âàá„ÇäÊäú„Åç/ËëõËëâ/ÈáàËø¶/Âè∂/„Å∫„ÅÑ„Çì„Å®/ÁãÇËò≠„É°„É≠„Ç≥/Ê∞¥‰∏äËíºÂ§™/NEWTOWN GTA„Äë,20,2026-02-23 20:46:39+00:00,103050,1498,40,JP,ja,20,0.014536632702571568,0.00038816108685104316,0.014924793789422611,0.0,0
QXxIIbPOU7Q,KEY TO LIT„ÄêËèØÈ∫ó„Å™„ÇãÈÄÜË•≤(SMAP)„ÄëArena Tour 2025 WAKE UP THE FOOL „Çà„Çä,24,2026-02-22 11:00:39+00:00,429567,24571,11041,JP,en,11,0.05719945899009933,0.025702626132826777,0.08290208512292611,0.0,0
4KdD87HvBa8,„ÄêMOTHER2 „ÇÆ„Éº„Ç∞„ÅÆÈÄÜË•≤„Äë#02„ÄÄÂÆåÂÖ®ÂàùË¶ã„Éó„É¨„Ç§„ÉÉÔºÅ!„ÄåÂ§ß‰∫∫„ÇÇÂ≠ê‰æõ„ÇÇ„ÄÅ„Åä„Å≠„Éº„Åï„Çì„ÇÇ„ÄÇ„Äç„Äê„Å´„Åò„Åï„Çì„Åò/Èà¥Âéü„Çã„Çã„Äë„Äå„Éç„Çø„Éê„É¨„ÅÇ„Çä„Äç,20,2026-02-23 20:37:11+00:00,186627,4125,25,JP,ja,20,0.022102911154334583,0.00013395703729899747,0.02223686819163358,0.0,0
8xb_P7ureNU,XG - ROCK THE BOAT (Official Music Video),10,2026-02-22 11:00:24+00:00,1443743,141527,6759,JP,en,11,0.09802783459383006,0.004681581140133667,0.10270941573396374,0.0,1
p-oSdBIUdts,Á¥´Ëâ≤„ÅÆ„É¨„Ç¢„Å™ÈÄ≤ÊçóÊó©Êäú„ÅëÈÅ∏ÊâãÊ®©ÔºÅ,20,2026-02-23 09:15:06+00:00,328804,10134,350,JP,ja,9,0.030820792934392525,0.0010644639359618496,0.03188525687035437,0.0,0
QWFIz75ad6I,NCT JNJM ÏóîÏãúÌã∞ Ï†úÎÖ∏Ïû¨ÎØº 'BOTH SIDES' MV,10,2026-02-23 09:00:09+00:00,1120429,150852,8543,JP,ko,9,0.1346377146610807,0.007624758016795352,0.14226247267787606,0.0,1
H-m0UQ5keqY,„Äå„Äå„Ç™„É≥„É©„Ç§„É≥0‰∫∫„Äç„Äç„Éú„Çø„É≥„Çí2ÂõûÊäº„Åô„Å†„Åë„ÅÆ„É™„Çª„Éû„É©„ÇØ„ÇΩ„Ç≤„Éº„Äê„Ç¢„É´„ÉÜ„Ç£„É°„ÉÉ„Éà„Çπ„Ç≠„Éº„Ç∏„É£„É≥„Éó 2021„Äë,20,2026-02-23 11:03:56+00:00,387154,8148,666,JP,ja,11,0.021045888716118132,0.001720245690345444,0.02276613440646358,0.0,0
TomFW1TrDVQ,ALL IN,10,2026-02-22 15:04:29+00:00,88562,2157,86,JP,tl,15,0.024355818522616923,0.0009710711140218152,0.02532688963663874,0.0,0
hAVaQev-x58,„Äê ÁâßÂ†¥Áâ©Ë™û Let'sÔºÅÈ¢®„ÅÆ„Ç∞„É©„É≥„Éâ„Éê„Ç∂„Éº„É´ „Äë#09 ‰∫∫ÁîüÂàù„ÅÆÁâßÂ†¥Áâ©Ë™û„Ç∑„É™„Éº„Ç∫ „ÄÄ2Âπ¥ÁõÆÂÜ¨ 1Êó•ÔΩû„Äê Â§úË¶ã„Çå„Å™ / „Å´„Åò„Åï„Çì„Åò „Äë,20,2026-02-24 00:07:59+00:00,169668,1715,3,JP,ja,0,0.010107975575830446,1.7681589928566377e-05,0.010125657165759012,0.0,0
fdjJ6_BPBv8,BLACKHOLE,10,2026-02-23 09:04:47+00:00,28664,590,11,JP,de,9,0.020583310075355847,0.00038375662852358356,0.02096706670387943,0.0,0
NLZad3MENnA,„ÄêÂéüÁ•û„Äë„Ç≠„É£„É©„ÇØ„Çø„Éº„Éà„É¨„Éº„É©„Éº „Éï„Ç°„É´„Ç´ÔºàCVÔºöÊùâÁî∞Êô∫ÂíåÔºâ„ÄåÈ®éÂ£´ÈÅìÁ≤æÁ•û„Äç,20,2026-02-24 04:00:28+00:00,117262,19840,1104,JP,ja,4,0.16919377121318074,0.00941481468847538,0.17860858590165613,0.0,0
bH7oQC64x1U,LANA - KATTARINA (Official Music Video),10,2026-02-22 12:00:07+00:00,199755,5392,251,JP,it,12,0.026993066506470428,0.001256539260594228,0.028249605767064655,0.0,0
gy0Hx9NCZ0E,„ÄêÁ¨¨2Âõû #„ÇÇ„ÅãCUP 2on2„ÄëTOP8„ÄÄÊ±∫Âãù„Éà„Éº„Éä„É°„É≥„ÉàÔºÅÔºÅÔºÅ„Äê „Å∂„ÅÑ„Åô„ÅΩ„Å£ÔºÅÁîòÁµê„ÇÇ„Åã „Äë,20,2026-02-23 15:03:17+00:00,513595,7010,37,JP,ja,15,0.013648886768757484,7.204119977803522e-05,0.01372092796853552,0.0,0
1546cwoU6Wg,„ÄêMV„ÄëSWEET STEADY„ÄéSWEET STEP„Äè,24,2026-02-22 11:00:07+00:00,276898,17061,4633,JP,de,11,0.061614746224241415,0.01673179293458241,0.07834653915882382,0.0,0
yph6xkM-SAs,„Äê „Éà„É´„Éç„Ç≥„ÅÆÂ§ßÂÜíÈô∫Ôºì „Äë„Éù„Éù„É≠ÁØáÔºÅÊñ∞„Åü„Å™„ÇãÂÜíÈô∫„ÅÆ„ÅØ„Åò„Åæ„ÇäÔºÅÁéãË¶áÂ±±„ÄÅ‰∏çÊÄùË≠∞„ÅÆ„ÉÄ„É≥„Ç∏„Éß„É≥„Å∏„ÄÇÔºà „Å©„Åì„Åæ„Åß„ÇÇÂÜíÈô∫„Åô„Çã„Åä„Å®„ÅÜ„Åï„Çì„ÅåÊïô„Åà„Å¶„Åè„Çå„Åü„ÇÇ„ÅÆ„Åå„Åü„Çä Ôºâ„Äê „Å´„Åò„Åï„Çì„Åò‚îäÔ∏éËëâÂ±±ËàûÈà¥ „Äë,20,2026-02-23 22:10:13+00:00,103655,1183,9,JP,ja,22,0.01141285996816362,8.682649172736481e-05,0.011499686459890985,0.0,0
Geh1ZEjkaeM,"ITZY ""THAT'S A NO NO"" (FULL CAM VER.) @ 'TUNNEL VISION' in SEOUL",24,2026-02-23 11:00:11+00:00,317975,31716,1179,JP,en,11,0.09974369054170926,0.0037078386665618367,0.1034515292082711,-0.175,0
28kjMewM9wY,„ÄêMIMESIS„Äë AI  vs „Ç®„Éã„Ç∞„Éû „ÄêÂàùË¶ã„Äë,20,2026-02-23 15:08:52+00:00,341514,10021,59,JP,ja,15,0.029342867349508365,0.00017276012110777303,0.02951562747061614,0.0,0
J3je6xZCeac,Êé®„Åó„Ç´„É°„É©ÔΩúKOSUKE ( ÁÖß‰∫ï Â∫∑Á•ê )ÔΩúÊñ∞‰∏ñÁïå (SHINSEKAI),24,2026-02-22 09:02:09+00:00,106460,6391,1308,JP,ja,9,0.060031936877700545,0.01228630471538606,0.0723182415930866,0.0,0
FSiZyWssICs,„Äê11Ë¶ñÁÇπ„ÄëÂäáÂ†¥ÁâàÔΩúÈªíÁÖôÂàóËªä„ÅÆÈÄÉËµ∞Êà¶Á∑ö ‚ÄïË≤®Áâ©ÂàóËªäÂº∑Áõó/Ê®™È†ò‰∫ã‰ª∂Á∑®‚Äï„Äê„Å´„Åò„Åï„Çì„Åò/Âàá„ÇäÊäú„Åç/newtown„Äë,20,2026-02-23 22:00:30+00:00,98504,2458,103,JP,ja,22,0.024953301388776092,0.001045642816535369,0.02599894420531146,0.0,0
0cWjWh9QOZw,„Éó„É≠„É≠„Éº„Ç∞„ÅÆ„Åù„ÅÆ„ÅÇ„Å®„Å∏,10,2026-02-23 10:03:31+00:00,11272,583,0,JP,ja,10,0.051721078779276085,0.0,0.051721078779276085,0.0,0
kqLaFxyT_54,Âçä„Ç∞„É¨ÈõÜ„ÇÅ„Å¶ÂÖ®„Å¶„ÅÆ„ÇÆ„É£„É≥„Ç∞„Å´ÂñßÂò©Â£≤„Å£„Åü„Çâ„É§„ÉêÈÅé„Åé„ÅüÔΩóÔΩóÔΩó„Äê#NEWTOWN„Äë,20,2026-02-24 02:00:48+00:00,51124,1015,54,JP,ja,2,0.019853689069712854,0.0010562553790783194,0.020909944448791174,0.0,0
Co_4omOJRYY,„ÄêÊ≠å„Å£„Å¶„Åø„Åü„ÄëIRIS OUT by Ëä±Ë≠ú,10,2026-02-22 10:00:16+00:00,274396,24674,662,JP,ja,10,0.08992113587661628,0.0024125716118310763,0.09233370748844735,0.0,0
k1P9iuCGlCM,„Äå„Ç¶„ÉûÂ®ò „Éó„É™„ÉÜ„Ç£„Éº„ÉÄ„Éº„Éì„Éº„Äç„Å±„Åã„É©„Ç§„ÉñTV Vol.62 5th Anniversary Umazing SpecialÔºÅ,20,2026-02-22 14:40:07+00:00,1191150,25772,286,JP,ja,14,0.021636233891617344,0.0002401041010787894,0.021876337992696133,0.0,1
271GBah4BgQ,„Éè„Éã„Ç´„Éü,10,2026-02-22 15:00:08+00:00,8373,494,9,JP,ja,15,0.05899916397945778,0.0010748835542816195,0.0600740475337394,0.0,0
R5ilb0RWqAU,„ÄêË§áÊï∞Ë¶ñÁÇπ„Äë„ÉÅ„É≥„ÉÅ„É≠„ÅßË≤†„Åë„Åô„Åé„Å¶Â£ä„Çå„ÇãÈáàËø¶„Å´ÁàÜÁ¨ëÔΩóÔΩóÔΩó„ÄêNEWTOWNÂàá„ÇäÊäú„Åç/„Å∫„ÅÑ„Çì„Å®/È£õËâØ„Å≤„Åã„Çä/ËëõËëâ/„Çç„Åú„Å£„Åè„Å¥„Çì/„É°„É≠„Ç≥„Äë,20,2026-02-23 07:00:39+00:00,146519,1933,57,JP,ja,7,0.01319282823388093,0.00038902804414444545,0.013581856278025375,0.0,0
wC7STC6KIMU,Mr.Children„ÄåSaturday„ÄçMUSIC VIDEO,10,2026-02-21 10:00:07+00:00,555090,28391,2380,JP,en,10,0.05114666090183574,0.004287593002936461,0.0554342539047722,0.0,0
-JdYVm4_qiM,„ÄêÈÖç‰ø°ÂèéÊîØ-76‰∏á„ÄëÊñ≠„Å°Âàá„Çã„Çì„Å†‚Ä¶ÊÇ≤„Åó„Åø„ÅÆÈÄ£Èéñ„Çí‚Ä¶„ÄêLÊù±‰∫¨Âñ∞Á®Æ„Äë,24,2026-02-24 08:22:36+00:00,67885,744,0,JP,ja,8,0.010959711276423364,0.0,0.010959711276423364,0.0,0
P5fzU6My-i0,Da-iCE /„ÄåOLD meets NEW„ÄçMusic Video,10,2026-02-22 11:00:07+00:00,88735,6127,396,JP,en,11,0.06904828985180594,0.004462726094551192,0.07351101594635713,0.0,0
kxuMxFY4Y4E,ÁãÇ„Å£„Åü„Äé„Åä„ÇÇ„Å°„ÇÉ„ÅÆÂ∞ëÂ•≥„Äè„Å´Ë•≤„Çè„Çå„Çã„Éõ„É©„Éº„Ç≤„Éº„É†„ÅåÊÄñ„Åô„Åé„Åü - „ÇÜ„Å£„Åè„ÇäÂÆüÊ≥Å „Äê„Éù„Éî„Éº„Éó„É¨„Ç§„Çø„Ç§„É† „ÉÅ„É£„Éó„Çø„Éº5 „ÄëPart3,20,2026-02-23 10:03:36+00:00,148172,4734,499,JP,ja,10,0.031949356153659264,0.003367707799044354,0.03531706395270361,0.0,0
TfgktrId0pQ,"„ÄêLIVEÊò†ÂÉè„ÄëÊûó ÂíåÂ∏å„ÄåBrooklyn lullaby„ÄçOfficial Live Video (Êûó ÂíåÂ∏å LIVE TOUR 2025 ""‚Ö°"")",10,2026-02-23 11:00:48+00:00,16558,1389,81,JP,en,11,0.08388694286749608,0.004891895156419857,0.08877883802391594,0.13636363636363635,0
MDmj61S-tDY,50‰∫∫„ÅßÊ£Æ„ÅÆÊ¥ãÈ§®„ÇíÁµ∂Êµ∑„ÅÆÂ≠§Â≥∂„ÅÆÊ¥ãÈ§®„Å´ÊîπÈÄ†„Åó„Å¶„Åø„Åü - „Éû„Ç§„É≥„ÇØ„É©„Éï„Éà„ÄêKUN„Äë,20,2026-02-23 07:00:26+00:00,162681,4065,260,JP,ja,7,0.024987552326331902,0.0015982198289904784,0.02658577215532238,0.0,0
3VUKVB0dOa0,Caravan,10,2026-02-22 15:04:56+00:00,28128,921,45,JP,hr,15,0.03274317406143345,0.0015998293515358361,0.03434300341296928,0.0,0
BlnToUD-hOk,„Éú„Éº„Éà„É¨„Éº„Çπ„Ç≥„É≠„Ç∑„Ç¢„É†DATA | Êó•Âàä„Çπ„Éù„Éº„ÉÑÊ∏ï‰∏äVS„Å™„Å™„ÅõÁµêË°£ | Ê•µÈôê‰∫àÊÉ≥season5 #27,24,2026-02-24 07:59:16+00:00,30655,68,0,JP,ja,7,0.002218235198173218,0.0,0.002218235198173218,0.0,0
wkuv-Vy-_EY,„Éé„É≥„Éá„É™„Ç∑„É£„Çπ / Áå´Âèà„Åä„Åã„ÇÜ ( official ),10,2026-02-22 12:55:06+00:00,113385,16197,644,JP,ja,12,0.1428495832782114,0.00567976363716541,0.1485293469153768,0.0,0
kyCcZQJ66Mo,„Äê#NEWTOWN„Äë13Êó•ÁõÆ„Åæ„Å®„ÇÅ | ÊåÅ„Å°ÈÄÉ„ÅíÁñëÊÉëÔºÅÔºüÊèõÈáëÂæåÂßø„ÇíÊ∂à„Åó„ÅüSHAKA„ÇíÂ§ßÊçúÁ¥¢„Åô„ÇãDear 13ro.„Äê„Å´„Åò„Åï„Çì„Åò/Âè∂/Âàá„ÇäÊäú„Åç„Äë,20,2026-02-23 07:26:00+00:00,110768,0,60,JP,ja,7,0.0,0.0005416726852520583,0.0005416726852520583,0.0,0
or-94bQgFEQ,„ÄêLive Video„ÄëFUNKTASTIC! / FANTASTICS,10,2026-02-23 11:01:25+00:00,18847,2069,190,JP,da,11,0.10977874462779222,0.010081180028651774,0.119859924656444,0.0,0
4qS2B-bnYuw,„Äê„Çπ„Éà6„Äë#ÁçÖÁôΩÊùØ„Ç™„Éï„É©„Ç§„É≥ ËøΩÂä†„Ç™„Éï„Ç°„ÉºÈÅ∏Êâã„ÅÆ„ÅîÁ¥π‰ªãÔºÜÂÖ¨ÂãüÊû†„ÅÆÈÅ∏ËÄÉ‰ºöüéä„ÄêÁçÖÁôΩ„Åº„Åü„Çì/„Éõ„É≠„É©„Ç§„Éñ„Äë,20,2026-02-23 14:10:08+00:00,205786,7890,81,JP,ja,14,0.03834080063755552,0.000393612782210646,0.03873441341976616,0.0,0
lHvLT8o4ySo,„Äå„ÉÑ„Ç§„Çπ„ÉÜ„Äç„Å∏„Çà„ÅÜ„Åì„ÅùÔΩú„ÅØ„Åò„ÇÅ„Å¶„ÅÆ„ÉÑ„Ç§„Çπ„ÉÜ #93,20,2026-02-23 12:12:19+00:00,109214,6304,827,JP,ja,12,0.057721537531818266,0.007572289266943798,0.06529382679876207,0.0,0
ZBeIOeG6-38,„Äê#36„Äë„Çπ„Éù„Éº„ÉÑ„ÇÑ„Åü„Åæ„Åî„Å£„Å°„ÅßÈÅä„Å∂YJ„Åí„Éº„Åø„Çì„Åê„ÄÇüè¨,20,2026-02-23 11:26:55+00:00,208298,10876,153,JP,ja,11,0.05221365543596194,0.0007345245753679824,0.05294818001132992,0.0,0
NPA3-87bHnA,„Ç∞„É¨„É≥„Ç¢„É´„Éûvs„ÇΩ„Ç¶„Éñ„É¨„Ç§„Ç∫„ÄÅÁúü„ÅÆ„Ç§„Ç±„É°„É≥„Éù„Ç±„É¢„É≥Ê±∫ÂÆöÊà¶ with„ÅÑ„Çç„ÅØ„Äê„Éù„Ç±„É¢„É≥SV„Äë„Äê„ÇÜ„Å£„Åè„ÇäÂÆüÊ≥Å„Äë,20,2026-02-23 12:30:35+00:00,168255,6284,352,JP,ja,12,0.03734807286559092,0.0020920626430120945,0.039440135508603015,0.0,0
WhHoYePF1wo,„ÄêÂÖàË°å„Éó„É¨„Ç§„ÄëÈÅéÂéª‰∏Ä„ÅÆÊúÄÂº∑„Ç≠„É£„É©„ÄÇÊñ∞„Ç≠„É£„É©„Äå„Ç∑„É™„Ç¶„Çπ„Äç„ÅÆÊÄßËÉΩ„ÅåÂúßÂÄíÁöÑ„Åô„Åé„Çã,20,2026-02-23 15:02:28+00:00,113912,1901,467,JP,ja,15,0.01668832080904558,0.004099655874710303,0.02078797668375588,0.0,0
ysc35o6u3To,„É¥„Ç°„É©„É≥Âº∑„Åô„Åé„Å¶„É¨„Ç¢„É´„Éû„Éâ„É™„Éº„ÉâÊïë„Åà„ÇãË™¨„ÄêeFootball2026„Ç¢„Éó„É™„Äë,20,2026-02-23 13:31:14+00:00,97546,1898,194,JP,ja,13,0.019457486724212165,0.001988805281610727,0.021446292005822893,0.0,0
gWVkQUT58NQ,„Åæ„Å†„Å†ÔºÅ„Åæ„Å†‰ø∫„ÅØ„Åì„ÅÑ„Å§„Çâ„Å®ÂèãÈÅî„Å´„Å™„Å£„Å¶„ÅÑ„Å™„ÅÑÔºÅ„Åæ„Å†ÁµÇ„Çè„Å£„Å°„ÇÉ„ÅÑ„Åë„Å™„ÅÑ...„ÄêÂ¶ñÊÄ™„Ç¶„Ç©„ÉÉ„ÉÅ2ÁúüÊâì„ÄëÂÆüÊ≥Å„Éó„É¨„Ç§#23,20,2026-02-23 15:19:48+00:00,90903,2392,959,JP,ja,15,0.02631376302212248,0.010549706830357634,0.03686346985248012,0.0,0
nHmgNWfx7Vw,M4rkim - UBERS (Blue Lock),10,2026-02-22 21:00:07+00:00,318520,40424,2363,BR,pl,21,0.1269119678513123,0.0074186864247143035,0.1343306542760266,0.0,0
zPHLojHUCvk,ENA: Dating Oblivion - Teaser Trailer,24,2026-02-23 22:13:09+00:00,354163,89451,4928,BR,en,22,0.25257014425561114,0.013914496997145382,0.2664846412527565,0.0,0
RG7zpzgQtj4,O TERROR DAS FOBIAS NO MINECRAFT!,20,2026-02-23 15:00:47+00:00,1033793,70228,5349,BR,pt,15,0.06793236170103686,0.005174149950715472,0.07310651165175233,0.0,1
EjdidPlfHnI,"JOGO DA SELECÃßAÃÉO - MC Jvila, MC Ryan SP, MC GP, MC IG, MC Meno K, Nego Trufa, MC Marks (DJ Glenner)",10,2026-02-24 01:30:07+00:00,22708,2194,254,BR,de,1,0.09661793200634138,0.011185485291527216,0.10780341729786859,0.0,0
Nf_Lml2Qweg,PaÃÇnico 7 | Trailer Final Legendado,1,2026-02-23 14:29:54+00:00,18790,1528,162,BR,pt,14,0.08131985098456626,0.008621607237892496,0.08994145822245875,0.0,0
WVGp12QPFmA,ENTREI NUM SERVIDOR P√öBLICO DO BRAINROT‚Ä¶ FOI O MAIOR ERRO DA MINHA CONTA üò∞,20,2026-02-23 20:30:09+00:00,399794,11215,2178,BR,pt,20,0.028051946752577578,0.005447805619894245,0.033499752372471825,0.0,0
sWkLpvCHx_w,NMIXX(ÏóîÎØπÏä§) ‚ÄúTIC TIC (Feat. Pabllo Vittar)‚Äù | Brazil Carnivalüáßüá∑ | Stage Recap,24,2026-02-24 03:00:52+00:00,108595,17456,887,BR,it,3,0.16074404898936415,0.0081679635342327,0.16891201252359686,0.0,0
_Q-i5CA0ogM,"Character Trailer - ""Varka: The Code of Chivalry"" | Genshin Impact #GenshinImpact #Varka",20,2026-02-24 04:00:27+00:00,197902,43823,3267,BR,en,4,0.22143788339683276,0.01650817071075583,0.2379460541075886,0.0,0
yTQChpzOgCQ,MINHA SUPER FESTA DE ANIVERS√ÅRIO EM BROOKHAVEN ,20,2026-02-23 22:00:58+00:00,142427,9620,3763,BR,de,22,0.06754337309639324,0.026420552282923882,0.09396392537931712,0.3333333333333333,0
1Lmy7qwmSMc,IVE ÏïÑÏù¥Î∏å 'BLACKHOLE' MV,10,2026-02-23 09:00:12+00:00,4122218,217986,14602,BR,vi,9,0.052880754972201856,0.0035422677791421995,0.05642302275134406,0.0,1
lDUD3omAlHA,[Official Trailer] Girl Rules ‡∏Å‡∏é‡∏´‡∏•‡∏±‡∏Å...‡∏´‡πâ‡∏≤‡∏°‡∏£‡∏±‡∏Å‡πÄ‡∏ò‡∏≠,24,2026-02-23 09:01:06+00:00,509580,58268,3353,BR,th,9,0.11434514698379057,0.006579928568625142,0.12092507555241572,0.0,0
t4K6PMcdlCw,O NOVO GRANNY? - JEFF THE SKINNER,20,2026-02-23 15:00:00+00:00,334701,29205,815,BR,pt,15,0.08725698459221813,0.0024350091574270767,0.0896919937496452,0.0,0
BVYGZ6V6sxU,Eyshila e Midian Lima - Posso Clamar + N√£o Pare (Ao Vivo) (Clipe Oficial MK Music),10,2026-02-23 13:00:07+00:00,35196,2649,160,BR,pt,13,0.07526423457211047,0.004545971133083305,0.07981020570519377,0.0,0
8GO8NDix6xk,REAGINDO AO TRAILER DE TOY STORY 5,24,2026-02-23 22:00:16+00:00,7056,1401,49,BR,en,22,0.1985544217687075,0.006944444444444444,0.20549886621315192,0.0,0
St9N_3YVx_0,"N√ÉO ACORDE A AV√ì, QUEM FIZER BARULHO PERDE NESSE JOGO DO ROBLOX",22,2026-02-23 23:00:36+00:00,98165,4997,1036,BR,pt,23,0.05090409005246269,0.010553659654663067,0.06145774970712576,0.0,0
pfePY6Ar3_g,"Top 50 M√∫sicas Gospel Mais Tocadas,Top Gospel ,Louvores Para Encher Sua Alma Com Deus ,HINOS #gospel",10,2026-02-23 09:07:15+00:00,16163,201,3,BR,pt,9,0.012435810183753017,0.00018560910722019428,0.01262141929097321,0.5,0
0If5ODb60fk,üö® VAZOU O TRAILER DE HOMEM-ARANHA: UM NOVO DIA | DESCRI√á√ÉO COMPLETA + DATA REVELADA,24,2026-02-22 17:58:12+00:00,63027,1663,40,BR,pt,17,0.026385517317974835,0.0006346486426452155,0.02702016596062005,0.0,0
B28YOdg8MoM,Problems Evolui na Civiliza√ß√£o de Pobre a Rico!,20,2026-02-23 13:00:17+00:00,363776,8679,394,BR,pt,13,0.023858088494018298,0.0010830840957072483,0.024941172589725544,0.0,0
vuIeROfR_jA,WLO -  A Exist√™ncia Mais Forte do Mundo [ One Piece / Loki ],10,2026-02-23 21:15:07+00:00,16809,3322,80,BR,pt,21,0.19763222083407697,0.00475935510738295,0.20239157594145993,0.0,0
6V2AV9fSogg,DESCENDENTES 5: PRIMEIRO TRAILER VEIO AI!!!!! üëÄ - An√°lise completa e tudo sobre,24,2026-02-22 15:30:03+00:00,68847,5747,602,BR,pt,15,0.0834749517045042,0.00874402660972882,0.09221897831423301,0.0,0
gJBj3qpjwQc,O BRAINROT MAIS RARO DO TSUNAMI BRAINROT ENTROU NA MINHA BASE,20,2026-02-23 21:51:27+00:00,110938,2804,380,BR,pt,21,0.02527537904054517,0.003425336674538932,0.0287007157150841,-0.8,0
oqkvt6I8tfM,Luan Santana - MESMO SEM ESTAR (Registro Hist√≥rico),10,2026-02-23 15:00:07+00:00,21015,1381,84,BR,pt,15,0.06571496550083274,0.003997144896502498,0.06971211039733524,0.0,0
91qmqjva0bY,ENCONTREI UMA SALA SECRETA na CASA DO MEU AMIGO.. (Brookhaven),22,2026-02-23 15:33:59+00:00,143957,3399,306,BR,en,15,0.023611217238480937,0.0021256347381509756,0.025736851976631912,0.0,0
Ju2yXGy_YIY,"Don Omar, Lucenzo - Danza Kuduro (Letra/Lyrics)",10,2026-02-20 13:39:37+00:00,970081,2089,7,BR,it,13,0.002153428425049042,7.215892281160027e-06,0.0021606443173302022,0.0,1
FIXSTuY6-E8,JOGUEI O EVENTO DE ADMIN DO SOBREVIVA A LAVA PARA BRAINROTS com O LARRYZINHO!,20,2026-02-23 21:01:48+00:00,98205,2459,118,BR,pt,21,0.02503945827605519,0.0012015681482612903,0.026241026424316482,0.0,0
K7UNIrguAlc,Tiki Tiki,10,2026-02-20 08:59:35+00:00,599197,8597,0,BR,id,8,0.0143475351178327,0.0,0.0143475351178327,0.0,0
6qY-VjLXRSE,SOBREVIVA NO MUNDO HACKER PARA ROUBAR O BRAINROT NO ROBLOX,20,2026-02-23 21:32:44+00:00,93210,2660,96,BR,pt,21,0.028537710546078746,0.0010299324106855488,0.029567642956764294,0.0,0
edHUzTFt2jI,"TIPO ASSIM  - MC‚Äôs Meno K, Lele JP, GP, Willian, Cortez (DJ TC e DJ Menor PR) ",10,2026-02-19 15:30:06+00:00,55113,1421,17,BR,en,15,0.025783390488632447,0.00030845716981474423,0.02609184765844719,0.0,0
zrYg7pgwpgk,O QUE ACONTECE SE FAZER *CH√Å PARA LILY LOVEBRAIDS* antes DA FESTA?! - Poppy Playtime CAPITULO 5,20,2026-02-23 21:47:06+00:00,95621,2727,409,BR,en,21,0.028518840003764864,0.004277303102874891,0.03279614310663975,0.0,0
LULqAFwQv30,MHRAP - Tipo KRATOS üî• (God of War) ,10,2026-02-22 22:30:06+00:00,91634,16611,1306,BR,en,22,0.18127550909051227,0.014252351747168083,0.19552786083768034,0.0,0
4EKpJMVA5gA,A UNI√ÉO QUE VAI DOMINAR O SERVIDOR - CS5,20,2026-02-23 14:00:04+00:00,222627,12112,827,BR,pt,14,0.05440490147196881,0.0037147336127244224,0.058119635084693234,0.0,0
CGnBixGlMHI,HENRIQUE E JULIANO AS 10 MELHORES COMPLETO - AS MAIS TOCADAS 2026,22,2026-02-23 12:14:15+00:00,14601,44,2,BR,en,12,0.0030134922265598247,0.00013697691938908293,0.0031504691459489074,0.0,0
Uq6gs-G6idw,12 JEITOS de ROUBAR ESMERALDAS do VILLAGER!,20,2026-02-23 13:30:30+00:00,418047,4752,142,BR,pt,13,0.011367142928905123,0.00033967472556913455,0.011706817654474257,0.0,0
xRGnUsuHjNE,"Calvin Harris, John Newman - Blame (Lyrics)",10,2026-02-17 16:52:26+00:00,150423,360,5,BR,en,16,0.0023932510320895076,3.323959766790983e-05,0.0024264906297574176,0.0,0
aNMBgdDQWAA,JOGUEI e REVELEI TUDO sobre o MAIS QUEBRADO BRAWLER do BRAWL!,20,2026-02-23 15:00:02+00:00,199713,7288,334,BR,pt,15,0.0364923665459935,0.0016723998938476714,0.03816476643984117,0.0,0
NcfPwfFQLr4,"MC LELE JP, MC DR, DU‚ÄôL - MOTELZIN (Murilo e LT) ",10,2026-02-17 03:47:36+00:00,25459,567,3,BR,it,3,0.022271102557052516,0.00011783652146588633,0.022388939078518404,0.0,0
i1OtQsgpyvY,PARECE UM JOGO FOFO PARA MENINAS MAS... ELA N√ÉO ME DEIXA SAIR.,20,2026-02-23 22:15:02+00:00,55519,3483,931,BR,pt,22,0.0627352798141177,0.016769034024388046,0.07950431383850573,0.0,0
hAwmWG4BxT0,"SEMI NUA 2 - MC Neg√£o Original, MC GP, MC Ryan SP, MC Meno K, Aaron, MC RN do Cap√£o e Du'L VISUALIZE",10,2026-02-23 18:58:34+00:00,7486,257,2,BR,pt,18,0.03433075073470478,0.0002671653753673524,0.03459791611007213,0.375,0
xu6NOxlVry0,VENDI AT√â O CACHORRO POR ESSE JOGADOR NO FC MOBILE!? üò±üáßüá∑,20,2026-02-23 22:00:57+00:00,68991,6210,260,BR,pt,22,0.09001174066182546,0.003768607499528924,0.09378034816135437,0.0,0
mvkx5vaLF6s,100 Louvores Para Encher Sua Alma Com Deus | Top Gospel 2026 Mais Tocadas- Louvores Gratidao De Deus,22,2026-02-23 09:01:59+00:00,14866,227,1,BR,pt,9,0.015269743037804385,6.72675904749092e-05,0.015337010628279295,0.5,0
uB_dFFAUncA,TROLLEI MEU AMIGO na TSUNAMI BRAINROT do BeamNG Drive!  ,20,2026-02-23 17:30:18+00:00,91217,2141,93,BR,pt,17,0.023471502022649287,0.001019546795005317,0.024491048817654605,0.0,0
X1nQic1nVDI,"ATLXS, DJ FKU - MONTAGEM REBOLA (SUPER SLOWED) Lyrics",22,2026-02-19 13:00:59+00:00,634333,3494,63,BR,en,13,0.005508147928611628,9.931692029265386e-05,0.005607464848904282,0.3333333333333333,0
RrqdRJeC52A,SOBREVIVEMOS como AÃÅGUA LAVA E GELO no minecraft,20,2026-02-23 14:45:04+00:00,123917,3443,72,BR,pt,14,0.027784726873633158,0.0005810340792627324,0.02836576095289589,0.0,0
9gliJdXEl-8,MONTAGEM REBOLA (Slowed),10,2026-02-20 18:05:03+00:00,361308,2648,0,BR,en,18,0.007328927120351611,0.0,0.007328927120351611,0.0,0
teVpmaKN8JA,FUI HUMILHADA POR SER A MENOR MINHOCA DO ROBLOX,24,2026-02-23 14:01:17+00:00,97422,1883,86,BR,en,14,0.019328283139331978,0.0008827574880417154,0.020211040627373694,0.0,0
i6QaYhTXwpU,*NSYNC - Bye Bye Bye // Lyrics / Sub. Espa√±ol,22,2026-02-16 22:00:48+00:00,796193,3838,25,BR,es,22,0.004820439265354004,3.1399421999439837e-05,0.004851838687353443,0.0,1
ZpFYxVzgoQA,Descobri FORMAS IMPOSS√çVEIS de morrer no minecraft,20,2026-02-23 21:00:42+00:00,83643,4966,234,BR,es,21,0.059371375966906975,0.0027976041031526847,0.06216898007005966,0.0,0
uJBfVeMsuOw,Vitor Santana - Vai Com Medo Mesmo (Ao vivo),10,2026-02-17 14:00:29+00:00,52932,1125,23,BR,pt,14,0.02125368397188846,0.000434519761203053,0.021688203733091514,0.0,0
Xj-LkAc6TOE,"""O Cox√£o GULOSO do 1006!"" Os MEMES de Poppy Playtime 5 come√ßaram e eu RACHEI de RIR",20,2026-02-23 15:30:06+00:00,150773,12273,742,BR,pt,15,0.08140051600750797,0.004921305538790102,0.08632182154629808,0.0,0
QWFIz75ad6I,NCT JNJM ÏóîÏãúÌã∞ Ï†úÎÖ∏Ïû¨ÎØº 'BOTH SIDES' MV,10,2026-02-23 09:00:09+00:00,1120429,150852,8543,BR,ko,9,0.1346377146610807,0.007624758016795352,0.14226247267787606,0.0,1
1Lmy7qwmSMc,IVE ÏïÑÏù¥Î∏å 'BLACKHOLE' MV,10,2026-02-23 09:00:12+00:00,4122218,217986,14602,KR,vi,9,0.052880754972201856,0.0035422677791421995,0.05642302275134406,0.0,1
9ryVkW-XkwM,ÏÉàÎ°úÏö¥ Ïä§ÌååÏù¥ÎçîÎß®Ïù¥ ÏôîÏäµÎãàÎã§ „Ñ∑„Ñ∑ ‚â™Ïä§ÌååÏù¥Îçî ÎàÑÏïÑÎ•¥‚â´ Í≥µÏãù ÏòàÍ≥†Ìé∏ Îñ°Î∞• Ï¥ùÏ†ïÎ¶¨,1,2026-02-23 07:11:51+00:00,142705,2524,329,KR,ko,7,0.01768683648085211,0.0023054553099050488,0.019992291790757157,0.0,0
Cr92ET2hjno,Ï≤´ ÏàòÏóÖÏóê ÏÜêÏ†àÎãπÌï† Îªî ÌñàÏäµÎãàÎã§ [ÎßàÌÅ¨ ÌïòÎìúÏΩîÏñ¥ EP.11],20,2026-02-23 11:24:40+00:00,294480,6447,1068,KR,ko,11,0.02189282803585982,0.0036267318663406683,0.02551955990220049,0.0,0
YfiJDJKt3fE,BLACKHOLE,10,2026-02-23 09:04:27+00:00,259501,3947,132,KR,de,9,0.015209960655257591,0.0005086685600440846,0.015718629215301674,0.0,0
PFt4ETh8648,Ïù¥ÏÑúÏßÑÏùò Îã¨ÎùºÎã¨Îùº | Í≥µÏãù Ìã∞Ï†Ä ÏòàÍ≥†Ìé∏ | ÎÑ∑ÌîåÎ¶≠Ïä§,24,2026-02-24 00:02:31+00:00,53737,1161,132,KR,ko,0,0.02160522544987625,0.0024564080614846383,0.024061633511360887,0.0,0
lDQNTVZETwQ,[ Î∂àÎèÑÍ∑∏ LIVE ÏÉùÎ∞©ÏÜ° 2/23 ] Î¶¨ÎãàÏßÄ Î¶¨ÏÖã,20,2026-02-23 11:37:06+00:00,292771,2837,122,KR,ko,11,0.009690167400459745,0.00041670793896936514,0.01010687533942911,0.13636363636363635,0
QWFIz75ad6I,NCT JNJM ÏóîÏãúÌã∞ Ï†úÎÖ∏Ïû¨ÎØº 'BOTH SIDES' MV,10,2026-02-23 09:00:09+00:00,1120429,150852,8543,KR,ko,9,0.1346377146610807,0.007624758016795352,0.14226247267787606,0.0,1
e-vLdRgucm0,ÏïÑÎÑà : Í∑∏ÎÖÄÎì§Ïùò Î≤ïÏ†ï | 7Ìöå ÏòàÍ≥†Ìé∏ | Ïø†Ìå°ÌîåÎ†àÏù¥ | Ïø†Ìå°,24,2026-02-22 10:01:01+00:00,19936,31,12,KR,ko,10,0.001554975922953451,0.0006019261637239165,0.0021569020866773676,0.0,0
uh5Ao7-A-us,Î¶¨ÎãàÏßÄÌÅ¥ÎûòÏãù 4ÏÖãÍ∏∞ÏÇ¨ Ï†úÍ∏∏...„Öã„Öã,20,2026-02-23 16:05:30+00:00,324540,2098,0,KR,ko,16,0.0064645344179454,0.0,0.0064645344179454,0.0,0
Q4AE3ub4nBM,RUDE!,10,2026-02-20 09:02:00+00:00,1866457,45026,1515,KR,en,9,0.024123781046121073,0.0008116983139713371,0.02493547936009241,-0.375,1
DlakzdUA3Jk,·ÑÖ·Öµ·ÑÇ·Öµ·Ñå·Öµ ÌÅ¥ÎûòÏãù.. Î†àÏ†ÑÎìú Ï∂ïÏ†§ Í∞ïÌôî „Ñ∑„Ñ∑ Ï¥àÎåÄÎ∞ï.. Îèà Î≤åÏóàÏäµÎãàÎã§ !,20,2026-02-23 07:08:08+00:00,163973,1253,305,KR,ko,7,0.007641501954590085,0.0018600623273343781,0.009501564281924463,0.0,0
wpFFNMTO9dM,Early Spring,10,2026-02-22 09:03:12+00:00,101445,2129,46,KR,en,9,0.020986741584109615,0.00045344768100941395,0.02144018926511903,0.1,0
WGrREed6pL8,CK Ï†ÑÌå®Ï§ëÏù∏ ÍπÄÎØºÍµê Íµ¨ÌïòÎü¨ Ïò® ÏµúÍ∞ï ÎùºÏù∏ÏóÖ,20,2026-02-23 13:04:25+00:00,177428,1096,191,KR,ko,13,0.006177153549608855,0.0010764929999774557,0.007253646549586311,0.0,0
kjsqqLtv6NA,ÏïàÎÖïÏù¥ÎûÄ Ïä¨Ìîà Îßê,10,2026-02-23 09:03:49+00:00,26408,3199,533,KR,ko,9,0.12113753408058164,0.020183277794607695,0.14132081187518933,0.0,0
2CJLttC0n14,ÌååÌîº Ï±ïÌÑ∞5 Ïä§ÌîºÎìúÎü∞ 40Î∂ÑÎåÄ ÏÑ±Í≥µ ÌñàÏäµÎãàÎã§!!,20,2026-02-23 08:23:57+00:00,272387,4427,414,KR,ko,8,0.016252611174542103,0.0015198963239802194,0.017772507498522324,0.0,0
aq08y9ebFQs,"ÏöîÎÑ§Ï¶à ÏºÑÏãú&Ïö∞ÌÉÄÎã§ ÌûàÏπ¥Î£® - JANE DOE üéµ""Ï†Ä Í∞ÄÏàòÏûÖÎãàÎã§üé§"" byÍ∞ïÎÇ® (with. IVE Î¶¨Ï¶à)",24,2026-02-19 10:00:04+00:00,2174776,106980,4792,KR,ko,10,0.049191273032257114,0.0022034453203456355,0.05139471835260275,0.0,1
bbGlsJMWjY4,Î¶¨ÎãàÏßÄÌÅ¥ÎûòÏãù Ïã∏Îã§ÏΩî? ÏùòÎ¨∏ÏùÑ ÌíÄÏñ¥ÎìúÎ¶¨Í≤†ÏäµÎãàÎã§. Ï†ÑÏÑ≠1Îì± ÏºÄÎ¶≠ ÏÉ§ÏõåÌïòÍ≥†ÎÇòÏò®ÏºÄÎ¶≠ Ïò∑Ï¢Ä ÏûÖÏñ¥Î≥¥Í≤†ÏäµÎãàÎã§. #Ï°∞ÏÑ†ÌòëÍ∞ùÏ†Ñ #SOL #ÏõêÌÅê #oneq #Î¶¨ÎãàÏßÄ 2026/02/23,20,2026-02-23 20:09:31+00:00,156436,831,40,KR,ko,20,0.0053120765041294845,0.00025569561993403055,0.005567772124063515,0.0,0
wfIGKdBJM9Q,BOTH SIDES,10,2026-02-23 09:02:19+00:00,87899,3083,0,KR,de,9,0.03507434669336398,0.0,0.03507434669336398,0.0,0
_KUVCJtJbEA,Í∞êÏä§Ìä∏ 4ÎÖÑÎßåÏóê ÎÇòÍ∞Ñ Î°§ ÎåÄÌöå Ï¶ùÎ™ÖÌñàÏäµÎãàÎã§...,20,2026-02-23 11:38:24+00:00,267006,4954,328,KR,ko,11,0.01855389017475263,0.001228436814153989,0.019782326988906616,0.0,0
Geh1ZEjkaeM,"ITZY ""THAT'S A NO NO"" (FULL CAM VER.) @ 'TUNNEL VISION' in SEOUL",24,2026-02-23 11:00:11+00:00,317975,31716,1179,KR,en,11,0.09974369054170926,0.0037078386665618367,0.1034515292082711,-0.175,0
CLv_LnvjxRg,Í∑∏Í±∏ Ïôú Í∞ïÏßÄÎàÑÎÇòÌïúÌÖå Î¨ºÏñ¥Î≥¥ÎÉêÍ≥†,20,2026-02-23 10:00:15+00:00,275038,6556,322,KR,ko,10,0.023836706200597736,0.0011707473149164844,0.02500745351551422,0.0,0
sWkLpvCHx_w,NMIXX(ÏóîÎØπÏä§) ‚ÄúTIC TIC (Feat. Pabllo Vittar)‚Äù | Brazil Carnivalüáßüá∑ | Stage Recap,24,2026-02-24 03:00:52+00:00,108595,17456,887,KR,it,3,0.16074404898936415,0.0081679635342327,0.16891201252359686,0.0,0
mjUEh3hI9IE,T1 vs DK | 2026 LCK CUP Playoffs,20,2026-02-22 13:46:57+00:00,2066480,10558,280,KR,en,13,0.0051091711509426655,0.00013549610932600363,0.005244667260268669,0.0,1
bybgHKnJEzQ,woo ah (feat. pH-1),10,2026-02-21 09:02:20+00:00,31471,706,7,KR,so,9,0.02243335133932827,0.00022242699628229162,0.02265577833561056,0.0,0
sNzj_1-uL-A,"ÌòúÏïà, Î∞úÎ°úÎûÄÌä∏ 2ÎÖÑÎßåÏóê Ï†ëÏÜçÌñàÏäµÎãàÎã§.",20,2026-02-23 10:27:00+00:00,324269,19470,2419,KR,ko,10,0.0600427422911225,0.007459855860412189,0.06750259815153468,0.0,0
VkajLZ-JdK8,ThunderZ - Tengri: MONGOL (Official Music Video),10,2026-02-22 09:00:06+00:00,733097,60093,2446,KR,en,9,0.08197141715216404,0.003336529818018625,0.08530794697018267,0.0,0
KCjxcbwPYzc,Ïù¥Í±∏ Îì§Ïñ¥Í∞Ä?,20,2026-02-22 13:02:27+00:00,428847,2239,290,KR,ko,13,0.005220976245607408,0.000676231849587382,0.00589720809519479,0.0,0
RWKlWyjpOzU,In Your Spring (ÎÑàÏùò Î¥ÑÏóê),10,2026-02-21 09:02:46+00:00,27272,664,19,KR,en,9,0.02434731592842476,0.0006966852449398651,0.025044001173364625,0.0,0
WrrNNEbWoOU,[ÎπÖÎ≥¥Ïä§ 2. 24 ] Î¶¨ÎãàÏßÄ ÌÅ¥ÎûòÏãù : 7ÎßàÌà¨ / 7Î≥¥Îßù Ï∂îÍ∞Ä ÎÇòÎèÑ Í≥ß all 7ÏÖã,20,2026-02-24 00:46:24+00:00,145366,1517,8,KR,ko,0,0.010435727749267366,5.503350164412586e-05,0.010490761250911492,0.0,0
7wHqkJO6yZs,For You,10,2026-02-19 09:00:07+00:00,148800,1064,14,KR,en,9,0.007150537634408602,9.408602150537634e-05,0.007244623655913979,0.0,0
5kRt4XafiMs,[ 2 . 24 live ] Î¶¨ÎãàÏßÄ ÌÅ¥ÎûòÏãù :  ÏßÄÍ∏àÏù¥ Ïä§ÌéôÏóÖÏùò Ï†ÅÍ∏∞Ïù∏Í∞Ä?,20,2026-02-24 08:08:37+00:00,48649,1233,12,KR,ko,8,0.025344816954099778,0.00024666488519805137,0.02559148183929783,0.13636363636363635,0
ggJZp2tbfcI,"[ÏµúÏã†Í∞ÄÏöîÏó∞ÏÜçÎì£Í∏∞ 2026] KPOP ÎÖ∏ÎèôÏöî ÌîåÎ†àÏù¥Î¶¨Ïä§Ìä∏ üéÄ 2026ÎÖÑ 2Ïõî 24Ïùº 4Ï£ºÏ∞®, Î©úÎ°†Ï∞®Ìä∏ X, Ï¢ÖÌï©Ï∞®Ìä∏ ÎÖ∏ÎûòÎ™®Ïùå",10,2026-02-23 23:01:02+00:00,3151,55,5,KR,ko,23,0.017454776261504285,0.0015867978419549348,0.01904157410345922,0.0,0
txddubtSIFQ,"Ï†ÑÏÑ≠ ÏµúÏ¥à! Ìô©ÌôÄÌïúÏïÖÎ™Ω 23ÏÑ± [Ìå°Ïù¥Ïöî,  Î©îÏù¥ÌîåÏä§ÌÜ†Î¶¨]",20,2026-02-23 09:01:13+00:00,226222,1037,215,KR,ko,9,0.0045839927151205455,0.0009503938608977023,0.0055343865760182475,0.0,0
7H787_DXmD0,Îã®Ïó∞ÏΩî 1ÏúÑ Í≥µÌè¨Í≤åÏûÑ 5,20,2026-02-22 02:30:12+00:00,444960,8561,993,KR,ko,2,0.019239931679252066,0.002231661272923409,0.021471592952175475,0.0,0
FArpyfk3yus,Ïò§ÎûúÎßåÏóê Ï±åÌÅêÏóêÏÑú Ìï© ÎßûÏ∂∞Î≥¥Îäî ÌîÑÏ†úÏß±Í≥º Ï†ÄÏã†..„Ñ∑„Ñ∑,20,2026-02-23 10:00:17+00:00,146182,744,87,KR,ko,10,0.00508954590852499,0.0005951485134968738,0.005684694422021863,0.0,0
_uhNnkE6AcU,ÏãúÎ¶¨Ïö∞Ïä§Î•º Î¨¥Î£åÎ°ú ÏñªÎäî Î∞©Î≤ïÏù¥ 2Í∞ÄÏßÄÎùºÍ≥†!? Ïñ¥ÎñªÍ≤å ÏñªÏùÑ Ïàò ÏûàÏùÑÍπå? [Î∏åÎ°§Ïä§ÌÉÄÏ¶à 2Ïõî ÏóÖÎç∞Ïù¥Ìä∏ ÎØ∏Î¶¨Î≥¥Í∏∞#2],20,2026-02-23 22:30:11+00:00,114595,1817,704,KR,ko,22,0.01585584013264104,0.006143374492778917,0.02199921462541996,0.0,0
mjSFlvw1rSY,26.02.23(Ïõî) „Äê Ïù∏ÌîºÏâ∞ ÏÉùÎ∞©ÏÜ° Îã§ÏãúÎ≥¥Í∏∞ „Äë Ïä§ÌÉÄ Îπ®Î¨¥ Ïä§ÌÉÄÌÅ¨ÎûòÌîÑÌä∏ Starcraft,20,2026-02-23 16:39:48+00:00,160994,3908,4,KR,ko,16,0.02427419655390884,2.4845646421605775e-05,0.024299042200330447,0.0,0
WKKSTTKjEN8,Ïù¥ÎüΩÌîº ÏãúÏûëÌï©ÎãàÎã§.ÔΩúÎ¶¨ÎãàÏßÄ ÌÅ¥ÎûòÏãù,20,2026-02-23 03:00:38+00:00,120825,784,267,KR,ko,3,0.00648872336023174,0.0022098075729360647,0.008698530933167805,0.0,0
bgQ_TyLylqY,üî•Î≥¥Îäî ÏÇ¨ÎûåÎèÑ Ïà® ÎßâÌûàÎäî ÏàòÏ§ÄÏûÖÎãàÎã§üî•,20,2026-02-23 16:17:37+00:00,127972,1021,230,KR,ko,16,0.007978307754821367,0.0017972681524083393,0.009775575907229706,0.0,0
e2ChtlzT7Js,"""ÌîºÎÑõÌïúÌÖå Î∞∞Ïö∞Í≥† Ï†êÏàòÍ∞Ä Îçî Îñ®Ïñ¥ÏßÑ Í∏∞Ï†ÅÏùò ÏÇ¨ÎÇòÏù¥"" ÎäêÎ¶¨Í≤å Í±∑Îäî Í≤å ÏïÑÎãàÎùº Í±∞Íæ∏Î°ú Í±∑Îäî Ïù¥ÏÉÅÌò∏..!",20,2026-02-23 13:39:09+00:00,141898,889,167,KR,ko,13,0.006265063637260568,0.0011769017181355622,0.007441965355396129,0.0,0
B0I9kMRifys,Îèà Ï£ºÎãàÍπå ÎßåÎßåÌï¥ Î≥¥Ïù¥ÎÉê? ÌùëÏö∞ Ï∑®Í∏âÏóê Ìè≠Î∞úÌïú ÎçòÌåå Ïú†Ï†ÄÎì§,20,2026-02-23 13:56:04+00:00,153809,2634,1991,KR,ko,13,0.017125135720276446,0.012944626127209721,0.03006976184748617,0.0,0
yX9hjlJAS8w,Í∞ïÌÉÄÏùò Ïã† | T1 vs DK Í≤åÏûÑ 5 ÌïòÏù¥ÎùºÏù¥Ìä∏ | 2026 LCK CUP ÌîåÎ†àÏù¥Ïò§ÌîÑ,20,2026-02-23 13:00:00+00:00,100338,0,823,KR,ko,13,0.0,0.008202276306085431,0.008202276306085431,0.0,0
y7lb6QUgNao,Ï†Ñ ÌîÑÎ°úÎèÑ Ï≤òÏùå Î≥¥Îäî ÌîºÎÑõÏãù Ïò§Îçî (Î°§CK),20,2026-02-23 12:01:36+00:00,95848,768,108,KR,ko,12,0.00801268675402721,0.0011267840747850764,0.009139470828812286,0.0,0
q4Qklj6HWC4,Ï≤¥Î†• 1Îßå 4Ï≤ú ÌóàÏàòÏïÑÎπÑÎ•º Ìù°ÏàòÌïú Í≥µÎ£°,20,2026-02-23 11:01:26+00:00,132757,1149,84,KR,ko,11,0.008654910852158455,0.000632734997024639,0.009287645849183094,0.0,0
j7tUCKIUUCw,ÎÇ† Î™∞Ïπ¥ÌïòÎ†§Îäî ÌÉÄÏΩî Ïó≠Î™∞Ïπ¥Î°ú Ï∞∏ÍµêÏú°ÌïòÍ∏∞ „Öã„Öã„Öã,20,2026-02-23 05:00:56+00:00,184010,3313,539,KR,ko,5,0.018004456279550024,0.0029291886310526603,0.020933644910602685,0.0,0
_a6WALv6W0k,Î¶¨ÎãàÏßÄÌÅ¥ÎûòÏãù Ïò§Îû´ÎßåÏóê ÎµôÏäµÎãàÎã§. Í∞úÎñ®Î¶¨ÎÑ§?,20,2026-02-22 13:53:49+00:00,197250,4464,0,KR,ko,13,0.022631178707224333,0.0,0.022631178707224333,0.0,0
9KGAHyKj6x4,ÌåîÌòëÏßÄÎäî ÏôÑÏ†ÑÌûà Î©òÌÉàÏù¥ ÎÇòÍ∞ÄÎ≤ÑÎ†∏ÏäµÎãàÎã§,20,2026-02-23 09:00:13+00:00,130120,860,97,KR,ko,9,0.0066092837380879186,0.0007454657239471257,0.007354749462035045,0.0,0
25yJ6mWt85Y,ÏùåÏ£º Î∞©ÏÜ° Ï§ë Ï†ïÏã† Î™ªÏ∞®Î¶¨Í≥† Î∞úÎùº Î≤ÑÎ†∏ÏäµÎãàÎã§ [Î¶¨ÎãàÏßÄ ÌÅ¥ÎûòÏãù],20,2026-02-22 07:56:16+00:00,200933,1370,300,KR,ko,7,0.006818193129052968,0.0014930349917634236,0.008311228120816392,0.0,0
Wzes77QUx54,ÎÅùÎÇú Í≤å ÏïÑÎãàÎã§‚îÇT1 vs DK‚îÇ2026 LCK CUP‚îÇÏö∏Ï±îÏä§ ÌïòÏù¥ÎùºÏù¥Ìä∏,20,2026-02-23 01:21:20+00:00,105756,1075,238,KR,ko,1,0.010164907901206551,0.0022504633306857295,0.012415371231892281,0.0,0
vU9S4etl5Rw,ÌîÑÎ°úÌÜ†ÌÉÄÏûÖÏùÄ ÏóòÎ¶¨ÏóáÏùò ÏïÑÎì§Ïù¥ÏóàÎã§? | ÌååÌîº Ï±ïÌÑ∞ 5 Ï∂îÍ∞Ä Ìï¥ÏÑù,20,2026-02-22 02:19:01+00:00,343756,5570,865,KR,ko,2,0.01620335354146546,0.0025163197151467902,0.018719673256612248,0.0,0
